con,hip,id,hd,hr,gl,bf,proper,ra,dec,dist,mag,spect,bayer,flam,lum
Sct,92202.0,91915,173819.0,7066.0,,,,18.791375,-5.705147,100000.0,5.38,K0Ibpvar,,,61376200.516479455
Sct,92175.0,91888,173764.0,7063.0,,Bet Sct,,18.786242,-4.747867,280.8989,4.22,G5II...,Bet,,1409.9379493587232
Sct,91117.0,90835,171443.0,6973.0,,Alp Sct,,18.586785,-8.244073,61.0501,3.85,K2III,Alp,,93.58365435835302
Sct,90595.0,90315,170296.0,6930.0,,Gam Sct,,18.486626,-14.565813,97.9432,4.67,A1IV/V,Gam,,113.24003632355566
Sct,92814.0,92524,175156.0,7119.0,,,,18.911976,-15.603036,429.1845,5.08,B3II,,,1490.0471117870993
CrA,90887.0,90605,170642.0,6942.0,,,,18.539257,-39.704001,70.2741,5.16,A3V,,,37.11931900441403
CrA,91875.0,91589,172777.0,7021.0,,Lam CrA,,18.729706,-38.323441,62.9327,5.11,A0/A1V,Lam,,31.160183031054608
CrA,92989.0,92697,175362.0,7129.0,,,,18.944582,-37.343241,131.9261,5.36,B3V,,,108.8428737943594
CrA,93174.0,92881,175813.0,7152.0,,Eps CrA,,18.978721,-37.107357,30.1841,4.83,F3IV/V,Eps,,9.281111710201682
CrA,93825.0,93530,177474.0,7226.0,Gl 743.1A,Gam CrA,,19.106971,-37.063437,17.304,4.23,F7IV-V,Gam,,5.301515066784585
CrA,94114.0,93819,178253.0,7254.0,,Alp CrA,Meridiana,19.157869,-37.904474,38.432,4.11,A0/A1V,Alp,,29.187708481971423
CrA,94160.0,93865,178345.0,7259.0,,Bet CrA,,19.167154,-39.340796,145.3488,4.1,K0II/IIICN.,Bet,,421.5023497210444
CrA,94005.0,93710,177873.0,7242.0,,Del CrA,,19.139156,-40.496703,54.7345,4.57,K1III,Del,,38.76144867002412
CrA,93542.0,93248,176638.0,7188.0,,Zet CrA,,19.051907,-42.095105,59.2066,4.74,A0Vn,Zet,,38.79716572936907
CrA,92953.0,92661,175219.0,7122.0,,,,18.938044,-42.710676,90.5797,5.35,G6III-IV,,,51.76068319505679
Aql,93244.0,92951,176411.0,7176.0,,13Eps Aql,,18.993711,15.068298,47.5059,4.02,K2III,Eps,13.0,48.48417387084463
Aql,93747.0,93452,177724.0,7235.0,GJ 4095A,17Zet Aql,Okab,19.090169,13.863478,25.4582,2.99,A0Vn,Zet,17.0,35.94181463147148
Aql,95501.0,95207,182640.0,7377.0,Gl 760,30Del Aql,,19.424972,3.114775,15.5255,3.36,F0IV,Del,30.0,9.50604793656281
Aql,93805.0,93510,177756.0,7236.0,,16Lam Aql,,19.10415,-4.882554,37.9219,3.43,B9Vn,Lam,16.0,53.161839507396266
Aql,99473.0,99156,191692.0,7710.0,,65The Aql,,20.188413,-0.821461,87.7963,3.24,B9.5III,The,65.0,339.46890538007864
Aql,97804.0,97493,187929.0,7570.0,,55Eta Aql,,19.874547,1.005661,423.7288,3.87,F6Ibv SB,Eta,55.0,4425.88372362626
Aql,97649.0,97338,187642.0,7557.0,Gl 768,53Alp Aql,Altair,19.846388,8.868322,5.1295,0.76,A7IV-V,Alp,53.0,11.376272858234303
Aql,98036.0,97725,188512.0,7602.0,Gl 771A,60Bet Aql,Alshain,19.921887,6.406763,13.6986,3.71,G8IVvar,Bet,60.0,5.360434578161428
Aql,97278.0,96970,186791.0,7525.0,,50Gam Aql,Tarazed,19.770994,10.613261,121.0654,2.72,K3II,Gam,50.0,1042.3174293933046
Sge,98920.0,98604,190608.0,7679.0,,16Eta Sge,,20.08597,19.991071,49.1642,5.09,K2III,Eta,16.0,19.37313924581955
Sge,98337.0,98026,189319.0,7635.0,,12Gam Sge,,19.979285,19.492148,79.2393,3.51,K5III,Gam,12.0,215.77444091526667
Sge,97365.0,97056,187076.0,7536.0,,7Del Sge,,19.789795,18.534286,182.1494,3.68,M2II + B6,Del,7.0,974.5407417663064
Sge,96757.0,96450,185758.0,7479.0,,5Alp Sge,Sham,19.668275,18.01389,130.3781,4.39,G0II,Alp,5.0,259.6569790273785
Sge,96837.0,96530,185958.0,7488.0,,6Bet Sge,,19.68415,17.476041,134.7709,4.39,G8II,Bet,6.0,277.45975598804154
Vul,98543.0,98232,189849.0,7653.0,,15    Vul,,20.018346,27.753573,72.4638,4.66,A4III,,15.0,62.57487633544405
Vul,95771.0,95473,183439.0,7405.0,,6Alp Vul,Anser,19.478427,24.664905,91.1577,4.44,M0 comp,Alp,6.0,121.22717925364972
Cyg,95947.0,95648,183912.0,7417.0,,6Bet1Cyg,Albireo,19.512023,27.959681,133.1558,3.05,K3II+...,Bet-1,6.0,930.6791831626532
Cyg,98110.0,97799,188947.0,7615.0,,21Eta Cyg,,19.938438,35.083424,41.3736,3.89,K0IIIvar,Eta,21.0,41.45720317867256
Cyg,100453.0,100128,194093.0,7796.0,,37Gam Cyg,Sadr,20.370473,40.256679,561.7978,2.23,F8Ib,Gam,37.0,35253.318119588555
Cyg,102098.0,101767,197345.0,7924.0,,50Alp Cyg,Deneb,20.690532,45.280338,432.9004,1.25,A2Ia,Alp,50.0,51617.86054966733
Cyg,107310.0,106967,206826.0,8309.0,Gl 836.6A,78Mu 1Cyg,,21.73571,28.742632,22.237,4.49,F6V,Mu-1,78.0,6.8865229634427605
Cyg,104732.0,104394,202109.0,8115.0,,64Zet Cyg,,21.215607,30.226916,43.8789,3.21,G8II SB,Zet,64.0,87.17661466018497
Cyg,102488.0,102157,197989.0,7949.0,Gl 806.1A,53Eps Cyg,Aljanah,20.770178,33.970256,22.2916,2.48,K0III,Eps,53.0,44.09608164506378
Cyg,97165.0,96858,186882.0,7528.0,,18Del Cyg,Fawaris,19.749574,45.13081,50.5817,2.86,B9.5III,Del,18.0,159.95580286146696
Cyg,95853.0,95554,184006.0,7420.0,,10Iot2Cyg,,19.495098,51.729779,37.2024,3.76,A5Vn,Iot-2,10.0,37.77461093882191
Cyg,94779.0,94484,181276.0,7328.0,,1Kap Cyg,,19.28504,53.368459,38.0662,3.8,K0III,Kap,1.0,38.124135110429904
Cep,106032.0,105691,205021.0,8238.0,,8Bet Cep,Alfirk,21.477662,70.560716,210.084,3.23,B2IIIv SB,Bet,8.0,1962.4563241736896
Cep,116727.0,116361,222404.0,8974.0,Gl 903,35Gam Cep,Errai,23.65582,77.632276,14.1024,3.21,K1IV,Gam,35.0,9.003264310597224
Cep,112724.0,112364,216228.0,8694.0,,32Iot Cep,,22.82802,66.200408,35.3482,3.5,K0III,Iot,32.0,43.33112852118382
Cep,109492.0,109146,210745.0,8465.0,,21Zet Cep,,22.180908,58.201261,256.4103,3.39,K1Ibv SB,Zet,21.0,2523.480772480573
Cep,105199.0,104861,203280.0,8162.0,Gl 826,5Alp Cep,Alderamin,21.30963,62.585573,15.0376,2.45,A7IV-V,Alp,5.0,20.62528697846573
Cap,107556.0,107213,207098.0,8322.0,Gl 837,49Del Cap,Deneb Algedi,21.784011,-16.127286,11.8666,2.85,A5mF2 (IV),Del,49.0,8.8879171988482
Cap,106985.0,106642,206088.0,8278.0,GJ 4209,40Gam Cap,Nashira,21.668181,-16.662308,48.1464,3.69,A7III:mp...,Gam,40.0,67.4838730870757
Cap,105515.0,105175,203387.0,8167.0,,32Iot Cap,,21.370776,-16.834542,60.3136,4.28,G8III,Iot,32.0,61.48936385126264
Cap,104139.0,103804,200761.0,8075.0,,23The Cap,,21.099118,-17.232861,49.7265,4.08,A1V,The,23.0,50.25739801095915
Cap,100345.0,100020,193495.0,7776.0,,9Bet Cap,Dabih,20.350187,-14.781367,100.2004,3.05,A5:n,Bet,9.0,526.744488331906
Cap,100064.0,99743,192947.0,7754.0,,6Alp2Cap,Algedi,20.300904,-12.544852,32.4465,3.58,G6/G8III,Alp-2,6.0,33.91563869058218
Cap,105881.0,105540,204075.0,8204.0,,34Zet Cap,,21.444452,-22.411332,118.2033,3.77,G4Ibp...,Zet,34.0,377.7461093882191
Cap,102978.0,102647,198542.0,7980.0,,18Ome Cap,,20.863692,-26.919133,258.3979,4.12,K4III,Ome,18.0,1307.3744701631329
Cap,102485.0,102154,197692.0,7936.0,Gl 805,16Psi Cap,,20.76826,-25.270898,14.6778,4.13,F5V,Psi,16.0,4.180228289540324
Del,101421.0,101095,195810.0,7852.0,,2Eps Del,Aldulfin,20.553547,11.303263,101.3171,4.03,B6III,Eps,2.0,218.37353276021747
Del,101769.0,101442,196524.0,7882.0,,6Bet Del,Rotanev,20.625816,14.595087,30.931,3.64,F5IV,Bet,6.0,29.16083798521233
Del,101958.0,101629,196867.0,7906.0,,9Alp Del,Sualocin,20.660635,15.912072,77.821,3.77,B9V,Alp,9.0,163.68165214278085
Del,102532.0,102201,197964.0,7948.0,,12Gam2Del,,20.77764,16.124296,38.7297,4.27,K1IV,Gam-2,12.0,25.58585886905645
Del,102281.0,101950,197461.0,7928.0,,11Del Del,,20.724315,15.074581,68.4463,4.43,A7IIIp d Del,Del,11.0,68.99220098440475
Mic,102831.0,102500,198232.0,7965.0,,Alp Mic,,20.8328,-33.779722,116.0093,4.89,G8III,Alp,,129.65820353826285
Mic,103738.0,103406,199951.0,8039.0,,Gam Mic,,21.021517,-32.257767,70.2247,4.67,G8III,Gam,,58.1835211048072
Mic,105140.0,104802,202627.0,8135.0,,Eps Mic,,21.298966,-32.172539,55.8659,4.71,A0V,Eps,,35.514033498288214
Ind,103227.0,102895,198700.0,7986.0,,Bet Ind,,20.913498,-58.454155,187.6173,3.67,K0III,Bet,,1043.277881459965
Ind,101772.0,101445,196171.0,7869.0,Gl 794.1,Alp Ind,,20.626116,-47.291502,30.1477,3.11,K0III,Alp,,45.12321133443373
Ind,105319.0,104979,202730.0,8140.0,GJ 9733A,The Ind,,21.331096,-53.449427,30.2847,4.39,A5V,The,,14.008769839545833
Aqr,102618.0,102287,198001.0,7950.0,,2Eps Aqr,Albali,20.794598,-9.495776,63.6943,3.78,A1V,Eps,2.0,108.74267195462436
Aqr,106278.0,105936,204867.0,8232.0,,22Bet Aqr,Sadalsuud,21.525982,-5.571172,164.7446,2.9,G0Ib,Bet,22.0,1635.3096517445822
Aqr,109074.0,108728,209750.0,8414.0,,34Alp Aqr,Sadalmelik,22.096399,-0.319851,160.5136,2.95,G2Ib,Alp,34.0,1483.200967181874
Aqr,110395.0,110049,212061.0,8518.0,GJ 9779,48Gam Aqr,Sadachbia,22.360938,-1.387331,50.2008,3.86,A0V,Gam,48.0,62.7480161997852
Aqr,110960.0,110614,213051.0,8558.0,,55Zet1Aqr,,22.480531,-0.019972,28.169,3.65,F3III-IV,Zet-1,55.0,23.96624529408638
Aqr,111497.0,111147,213998.0,8597.0,,62Eta Aqr,,22.589272,-0.117498,51.4668,4.04,B9IV-Vn,Eta,62.0,55.872743899402
Aqr,112961.0,112601,216386.0,8698.0,,73Lam Aqr,,22.87691,-7.579599,118.0638,3.73,M2IIIvar,Lam,73.0,391.2010393873511
Aqr,114855.0,114493,219449.0,8841.0,Gl 893.2A,91Psi1Aqr,,23.264859,-9.087737,45.9348,4.24,K0III,Psi-1,91.0,37.01689610332346
Aqr,115438.0,115073,220321.0,8892.0,,98    Aqr,,23.382842,-20.10058,50.1002,3.96,K0III,,98.0,56.96393733411836
Aqr,114341.0,113980,218594.0,8812.0,,88    Aqr,,23.157443,-21.17241,82.9876,3.68,K1III,,88.0,202.3019178678272
Aqr,113136.0,112776,216627.0,8709.0,,76Del Aqr,Skat,22.910837,-15.82082,49.2368,3.27,A3V,Del,76.0,103.8484455008274
Aqr,112716.0,112357,216032.0,8679.0,,71Tau2Aqr,,22.826528,-13.592632,97.371,4.05,K5III,Tau-2,71.0,198.061470897174
Aqr,111123.0,110776,213320.0,8573.0,,57Sig Aqr,,22.510782,-10.67795,88.8099,4.82,A0IVs,Sig,57.0,81.0587682464737
Aqr,110003.0,109657,211391.0,8499.0,,43The Aqr,Ancha,22.280565,-7.78329,57.4713,4.17,G8III-IV,The,43.0,61.773185859152
Aqr,109139.0,108793,209819.0,8418.0,,33Iot Aqr,,22.107286,-13.869679,53.7057,4.29,B8V,Iot,33.0,48.30588020397728
Equ,104521.0,104184,201601.0,8097.0,,5Gam Equ,,21.172361,10.131579,36.2976,4.7,F0p,Gam,5.0,15.121678487917672
Equ,104858.0,104520,202275.0,8123.0,Gl 822A,7Del Equ,,21.241337,10.006981,18.4877,4.47,F5V+...,Del,7.0,4.848417387084461
Equ,105570.0,105229,203562.0,8178.0,,10Bet Equ,,21.381559,6.81114,101.4199,5.16,A3V,Bet,10.0,77.33925780489973
Equ,104987.0,104649,202447.0,8131.0,,8Alp Equ,Kitalpha,21.263731,5.247845,58.3431,3.92,G0III+...,Alp,8.0,80.16780633876789
PsA,113368.0,113008,216956.0,8728.0,Gl 881,24Alp PsA,Fomalhaut,22.960838,-29.622236,7.7036,1.17,A3V,Alp,24.0,17.587333541355722
PsA,111954.0,111601,214748.0,8628.0,,18Eps PsA,,22.677594,-27.043617,149.2537,4.18,B8V,Eps,18.0,413.047501990161
PsA,108661.0,108316,209014.0,8386.0,,12Eta PsA,,22.013951,-28.453736,250.6266,5.43,B8/B9V+...,Eta,12.0,368.1289736425313
PsA,107608.0,107265,207155.0,8326.0,,10The PsA,,21.795598,-30.898304,98.4252,5.02,A1V,The,10.0,82.87050779069826
PsA,109422.0,109076,210302.0,8447.0,Gl 849.1,15Tau PsA,,22.169093,-32.548407,18.2782,4.94,F6V,Tau,15.0,3.0760968147407075
PsA,111188.0,110841,213398.0,8576.0,,17Bet PsA,,22.52509,-32.346073,43.7828,4.29,A1V,Bet,17.0,32.12180933987984
PsA,113246.0,112886,216763.0,8720.0,,23Del PsA,,22.932472,-32.539628,47.259,4.2,G8III,Del,23.0,40.625619818684335
Gru,109268.0,108922,209952.0,8425.0,Gl 848.2,Alp Gru,Alnair,22.137209,-46.960975,30.9693,1.73,B7IV,Alp,,169.82436524617444
Gru,110997.0,110650,213009.0,8556.0,,Del1Gru,,22.487825,-43.495565,94.8767,3.97,G6/G8III,Del-1,,202.488330653056
Gru,114131.0,113770,218227.0,8787.0,,The Gru,,23.11465,-43.520358,40.4367,4.28,F5me...,The,,27.64394371220336
Gru,114421.0,114059,218670.0,8820.0,,Iot Gru,,23.17264,-45.246711,56.1798,3.88,K0III SB,Iot,,77.12585649892138
Gru,112122.0,111768,214952.0,8636.0,,Bet Gru,Tiaki,22.711115,-46.884577,54.2594,2.07,M5III,Bet,,380.8903764981352
Gru,113638.0,113278,217364.0,8747.0,,Zet Gru,,23.014677,-52.754137,33.3778,4.11,G8III,Zet,,22.019122114844777
Gru,112623.0,112263,215789.0,8675.0,GJ 9796,Eps Gru,,22.809239,-51.316864,39.5257,3.49,A3V,Eps,,54.65123745198719
Gru,108085.0,107742,207971.0,8353.0,,Gam Gru,Aldhanab,21.898808,-37.364852,64.7249,3.0,B8III,Gam,,230.14418174085063
Gru,109111.0,108765,209688.0,8411.0,,Lam Gru,,22.101914,-39.543353,74.239,4.47,M0III,Lam,,78.19878403894965
Lac,109937.0,109591,211388.0,8498.0,,1    Lac,,22.26616,37.748737,190.4762,4.14,K3III,,1.0,697.5896043328052
Lac,111104.0,110757,213420.0,8579.0,,6    Lac,,22.508128,43.123376,526.3158,4.52,B2IV,,6.0,3753.185242379142
Lac,111022.0,110675,213310.0,8572.0,,5    Lac,,22.492173,47.706887,505.0505,4.34,M0II,,5.0,4081.3139159697193
Lac,110609.0,110263,212593.0,8541.0,,4    Lac,,22.408609,49.476392,689.6552,4.55,B9Iab,,4.0,6269.024974761646
Lac,110538.0,110192,212496.0,8538.0,,3Bet Lac,,22.392675,52.229046,52.1105,4.42,G9III,Bet,3.0,40.36453929676048
Lac,111169.0,110822,213558.0,8585.0,,7Alp Lac,,22.521515,50.282491,31.4564,3.76,A1V,Alp,7.0,27.014690729572468
Psc,4889.0,4879,6118.0,291.0,,69Sig Psc,,1.046971,31.804263,132.9787,5.5,B9.5V,Sig,69.0,97.18517029401686
Psc,6193.0,6179,7964.0,383.0,,90Ups Psc,,1.324443,27.264059,94.4287,4.74,A3V,Ups,90.0,98.7188301068396
Psc,5742.0,5730,7318.0,360.0,,85Phi Psc,,1.229152,24.583713,136.7989,4.67,K0III...,Phi,85.0,220.80047330188992
Psc,7097.0,7083,9270.0,437.0,,99Eta Psc,Alpherg,1.524725,15.345823,107.1811,3.62,G8III,Eta,99.0,356.77958828856265
Psc,8198.0,8183,10761.0,510.0,,110Omi Psc,Torcular,1.756564,9.157736,85.6898,4.26,K0III,Omi,110.0,126.4736347471151
Psc,9487.0,9467,12446.0,595.0,,113Alp Psc,Alrescha,2.034117,2.763759,46.1681,3.82,A2,Alp,113.0,55.05540984847944
Psc,8833.0,8814,11559.0,549.0,,111Xi  Psc,,1.892597,3.187536,54.9149,4.61,K0III SB,Xi,111.0,37.60105236684958
Psc,7884.0,7869,10380.0,489.0,,106Nu  Psc,,1.690526,5.487613,111.3586,4.45,K3III,Nu,106.0,179.30813770804414
Psc,7007.0,6993,9138.0,434.0,,98Mu  Psc,,1.503087,6.14382,93.1966,4.84,K4III,Mu,98.0,87.65970403212789
Psc,4906.0,4896,6186.0,294.0,,71Eps Psc,,1.049058,7.890135,55.7414,4.27,K0III,Eps,71.0,53.01515066784589
Psc,3760.0,3752,4627.0,221.0,,62    Psc,,0.804836,7.299928,177.6199,5.92,G8III,,62.0,117.70637907805684
Psc,1645.0,1641,1635.0,80.0,,41    Psc,,0.343295,8.190271,125.0,5.38,K3III,,41.0,95.94006315159336
Psc,118268.0,117900,224617.0,9072.0,,28Ome Psc,,23.988525,6.863321,31.9898,4.03,F4IV,Ome,28.0,21.77709772353159
Psc,116771.0,116405,222368.0,8969.0,Gl 904,17Iot Psc,,23.665844,5.626292,13.7137,4.13,F7V,Iot,17.0,3.650900524844983
Psc,115830.0,115465,220954.0,8916.0,,10The Psc,,23.466138,6.378992,45.5373,4.27,K1III,The,10.0,35.383435681472214
Psc,114971.0,114609,219615.0,8852.0,,6Gam Psc,,23.286094,3.282289,42.3012,3.7,G7III,Gam,6.0,51.61786054966728
Psc,115738.0,115376,220825.0,8911.0,,8Kap Psc,,23.448876,1.255608,47.0588,4.95,A0p,Kap,8.0,20.19296069798118
Psc,116928.0,116562,222603.0,8984.0,,18Lam Psc,,23.700779,1.780041,32.6904,4.49,A7V,Lam,18.0,14.886753594923636
Cet,10324.0,10300,13611.0,649.0,,65Xi 1Cet,,2.216665,8.846717,117.5088,4.36,G8II:,Xi-1,65.0,216.7704104819694
Cet,11484.0,11457,15318.0,718.0,,73Xi 2Cet,,2.469317,8.460054,59.2066,4.3,B9III,Xi-2,73.0,58.1835211048072
Cet,12828.0,12795,17094.0,813.0,GJ 9099,87Mu  Cet,,2.749039,10.114146,25.7732,4.27,F1III-IV,Mu,87.0,11.334438229710342
Cet,13954.0,13920,18604.0,896.0,,91Lam Cet,,2.99525,8.907365,176.6784,4.71,B6III,Lam,91.0,355.1403349828821
Cet,14135.0,14100,18884.0,911.0,,92Alp Cet,Menkar,3.037992,4.089734,76.3942,2.54,M2III,Alp,92.0,489.7788193684461
Cet,12706.0,12673,16970.0,804.0,Gl 106.1A,86Gam Cet,Kaffaljidhma,2.721678,3.235818,24.4081,3.47,A3V,Gam,86.0,21.242224773886967
Cet,12093.0,12062,16161.0,754.0,,78Nu  Cet,,2.597909,5.593246,104.2753,4.87,G8III,Nu,78.0,106.7578945099494
Cet,12387.0,12355,16582.0,779.0,,82Del Cet,,2.658044,0.328511,199.2032,4.08,B2IV,Del,82.0,806.1205638638912
Cet,10826.0,10800,14386.0,681.0,,68Omi Cet,Mira,2.322442,-2.977643,91.659,6.47,M5e-M9e,Omi,68.0,18.897310544316767
Cet,12390.0,12357,16620.0,781.0,Gl 105.4A,83Eps Cet,,2.659398,-11.872156,21.4823,4.83,F5V,Eps,83.0,4.698941086052153
Cet,12770.0,12737,17081.0,811.0,,89Pi  Cet,,2.735375,-13.858696,120.4819,4.24,B7IV,Pi,89.0,254.6830252585042
Cet,11783.0,11755,15798.0,740.0,,76Sig Cet,,2.534786,-15.244677,26.6951,4.74,F5V,Sig,76.0,7.884969177453771
Cet,11348.0,11321,15144.0,710.0,,,,2.433431,-15.341247,77.0416,5.88,Ap SrCrEu,,,22.993230870212244
Cet,8102.0,8087,10700.0,509.0,Gl 71,52Tau Cet,,1.734479,-15.93748,3.6502,3.49,G8V,Tau,52.0,0.4664445252037795
Cet,3419.0,3413,4128.0,188.0,Gl 31,16Bet Cet,Diphda,0.72649,-17.986605,29.5334,2.04,K0III,Bet,16.0,116.0913870126182
Cet,1562.0,1559,1522.0,74.0,,8Iot Cet,,0.323799,-8.823921,84.1751,3.56,K2III,Iot,8.0,232.4877101501645
Cet,11345.0,11318,15130.0,708.0,,72Rho Cet,,2.432501,-12.29048,139.8601,4.88,A0V,Rho,72.0,190.1953960442308
Cet,8645.0,8628,11353.0,539.0,,55Zet Cet,Baten Kaitos,1.857676,-10.335038,72.0461,3.74,K2III,Zet,55.0,144.27796231294775
Cet,6537.0,6523,8512.0,402.0,,45The Cet,,1.40039,-8.183257,34.8918,3.6,K0III,The,45.0,38.51234824289314
Cet,5364.0,5353,6805.0,334.0,GJ 3075,31Eta Cet,,1.143164,-10.182264,37.9939,3.46,K2III,Eta,31.0,51.95172830110675
And,9640.0,9618,12533.0,603.0,,57Gam1And,Almach,2.064984,42.329725,120.4819,2.1,B8V,Gam-1,57.0,1828.1002161427427
And,5447.0,5436,6860.0,337.0,Gl 53.3,43Bet And,Mirach,1.162194,35.620558,60.5327,2.07,M0IIIvar,Bet,43.0,474.2419852602448
And,3092.0,3086,3627.0,165.0,,31Del And,,0.655462,30.861024,32.352,3.27,K3III...,Del,31.0,44.87453899331323
And,677.0,676,358.0,15.0,,21Alp And,Alpheratz,0.139791,29.090432,29.7442,2.07,B9p,Alp,21.0,114.49855346901884
Phe,8837.0,8818,11695.0,555.0,,Psi Phe,,1.894102,-46.302669,104.8218,4.39,M4III SB,Psi,,167.8031078290955
Phe,7083.0,7068,9362.0,440.0,,Del Phe,,1.520851,-49.072702,43.573,3.93,K0III-IV,Del,,44.29961991003636
Phe,5165.0,5154,6595.0,322.0,,Bet Phe,,1.101407,-46.718414,100000.0,3.32,G8IIIvar,Bet,,409260659.730011
Phe,6867.0,6853,9053.0,429.0,,Gam Phe,,1.472759,-43.318234,71.6332,3.41,K5II-III,Gam,,193.37485452952552
Phe,2072.0,2069,2262.0,100.0,Gl 20,Kap Phe,,0.436716,-43.679829,23.8095,3.93,A7V,Kap,,13.231223331133709
Phe,2081.0,2076,2261.0,99.0,,Alp Phe,Ankaa,0.438056,-42.305981,25.974,2.4,K0III...,Alp,,64.44659847416881
Phe,765.0,763,496.0,25.0,Gl 9.1,Eps Phe,,0.156836,-45.747426,44.2087,3.88,K0III,Eps,,47.7749234659094
Phe,5348.0,5337,6882.0,338.0,,Zet Phe,Wurren,1.139742,-55.24576,91.5751,3.94,B6V + B0V,Zet,,193.9099078614849
Peg,1067.0,1065,886.0,39.0,,88Gam Peg,Algenib,0.220598,15.183596,120.048,2.83,B2IV,Gam,88.0,926.4031007363994
Peg,113963.0,113603,218045.0,8781.0,,54Alp Peg,Markab,23.079348,15.205264,40.8831,2.49,B9.5III,Alp,54.0,146.96028989796503
Peg,113881.0,113521,217906.0,8775.0,,53Bet Peg,Scheat,23.062901,28.082789,60.0962,2.44,M2II-IIIvar,Bet,53.0,332.35330357747745
Peg,112447.0,112090,215648.0,8665.0,Gl 872A,46Xi  Peg,,22.778216,12.172888,16.2973,4.2,F7V,Xi,46.0,4.83503920591621
Peg,112029.0,111676,214923.0,8634.0,,42Zet Peg,Homam,22.691033,10.831364,62.6566,3.41,B8.5V,Zet,42.0,147.91083881682073
Peg,109427.0,109081,210418.0,8450.0,GJ 9771,26The Peg,Biham,22.169996,6.197865,28.2965,3.52,A2V,The,26.0,27.264654585290064
Peg,107315.0,106972,206778.0,8308.0,,8Eps Peg,Enif,21.736433,9.875011,211.4165,2.38,K2Ibvar,Eps,8.0,4349.106072324538
Peg,112158.0,111804,215182.0,8650.0,,44Eta Peg,Matar,22.716704,30.221245,65.703,2.93,G2II-III..,Eta,44.0,253.04630494613968
Peg,109410.0,109064,210459.0,8454.0,,29Pi 2Peg,,22.166457,33.178224,80.6452,4.28,F5III,Pi-2,29.0,109.95120668793496
Peg,112748.0,112389,216131.0,8684.0,GJ 4298,48Mu  Peg,Sadalbari,22.833385,24.601579,32.5309,3.51,M2III,Mu,48.0,36.3412616064223
Peg,112440.0,112084,215665.0,8667.0,GJ 4295,47Lam Peg,,22.775521,23.565654,111.9821,3.97,G8II-III,Lam,47.0,282.09799536634296
Peg,109176.0,108830,210027.0,8430.0,Gl 848,24Iot Peg,,22.116847,25.345112,11.7261,3.77,F5V,Iot,24.0,3.718775833249356
Peg,107354.0,107011,206901.0,8315.0,,10Kap Peg,,21.744092,25.645036,34.2231,4.14,F5IV,Kap,10.0,22.53201335629484
Peg,677.0,676,358.0,15.0,,21Alp And,Alpheratz,0.139791,29.090432,29.7442,2.07,B9p,Alp,21.0,114.49855346901884
Scl,4577.0,4567,5737.0,280.0,,Alp Scl,,0.976766,-29.357449,238.0952,4.3,B7IIIp,Alp,,941.0224835267508
Scl,115102.0,114740,219784.0,8863.0,GJ 9821,Gam Scl,,23.313733,-32.532027,55.8659,4.41,K1III,Gam,,46.81661397243642
Scl,116231.0,115865,221507.0,8937.0,,Bet Scl,,23.549512,-37.818268,53.3618,4.38,B9.5IVMNpe.,Bet,,43.89347855347172
Cas,8886.0,8867,11415.0,542.0,,45Eps Cas,Segin,1.906584,63.670101,126.2626,3.35,B2pvar,Eps,45.0,634.453795775715
Cas,6686.0,6672,8538.0,403.0,,37Del Cas,Ruchbah,1.430216,60.235283,30.4785,2.66,A5Vv SB,Del,37.0,69.82324040771711
Cas,4427.0,4417,5394.0,264.0,,27Gam Cas,Cih,0.945143,60.71674,168.3502,2.15,B0IV:evar,Gam,27.0,3407.218616593573
Cas,3179.0,3172,3712.0,168.0,,18Alp Cas,Schedar,0.675116,56.537331,69.979,2.24,K0II-IIIvar,Alp,18.0,542.0008904016238
Cas,746.0,744,432.0,21.0,Gl 8,11Bet Cas,Caph,0.152887,59.14978,16.7842,2.28,F2III-IV,Bet,11.0,30.06076302628229
Oct,70638.0,70415,124882.0,5339.0,,Del Oct,,14.448801,-83.667884,91.659,4.31,K2III,Del,,138.16562311673286
Oct,107089.0,106746,205478.0,8254.0,Gl 835.1,Nu  Oct,,21.691253,-77.390046,21.1999,3.73,K0III,Nu,,12.612465753175384
Oct,112405.0,112050,214846.0,8630.0,,Bet Oct,,22.767692,-81.381615,45.7666,4.13,A9IV/V,Bet,,40.66305463404283
Cep,116727.0,116361,222404.0,8974.0,Gl 903,35Gam Cep,Errai,23.65582,77.632276,14.1024,3.21,K1IV,Gam,35.0,9.003264310597224
Cep,112724.0,112364,216228.0,8694.0,,32Iot Cep,,22.82802,66.200408,35.3482,3.5,K0III,Iot,32.0,43.33112852118382
Cep,109492.0,109146,210745.0,8465.0,,21Zet Cep,,22.180908,58.201261,256.4103,3.39,K1Ibv SB,Zet,21.0,2523.480772480573
Cep,105199.0,104861,203280.0,8162.0,Gl 826,5Alp Cep,Alderamin,21.30963,62.585573,15.0376,2.45,A7IV-V,Alp,5.0,20.62528697846573
Cep,106032.0,105691,205021.0,8238.0,,8Bet Cep,Alfirk,21.477662,70.560716,210.084,3.23,B2IIIv SB,Bet,8.0,1962.4563241736896
Tuc,110130.0,109784,211416.0,8502.0,,Alp Tuc,,22.308371,-60.259587,61.237,2.87,K3III,Alp,,232.2736796357105
Tuc,114996.0,114634,219571.0,8848.0,GJ 9818,Gam Tuc,,23.290498,-58.235734,23.0574,3.99,F1III,Gam,,11.738159324832203
Tuc,2484.0,2478,2884.0,126.0,,Bet1Tuc,,0.525725,-62.958218,41.4079,4.36,B9V,Bet-1,,26.915348039269155
Tuc,1599.0,1595,1581.0,77.0,Gl 17,Zet Tuc,,0.334142,-64.874791,8.5866,4.23,F9V,Zet,,1.3049684141302225
Hyi,9236.0,9217,12311.0,591.0,Gl 83,Alp Hyi,,1.979451,-61.569859,22.0119,2.86,F0V,Alp,,30.283076942657782
Hyi,11001.0,10975,15008.0,705.0,Gl 97.1,Del Hyi,,2.362498,-68.659418,42.8266,4.08,A3V,Del,,37.290653996215255
Hyi,12394.0,12360,16978.0,806.0,,Eps Hyi,,2.659799,-68.266946,46.5549,4.12,B9III,Eps,,42.46195639463128
Hyi,17678.0,17637,24512.0,1208.0,,Gam Hyi,,3.787295,-74.238962,65.6168,3.26,M2III,Gam,,186.2087136662868
Hyi,2021.0,2016,2151.0,98.0,Gl 19,Bet Hyi,,0.427916,-77.254247,7.4588,2.82,G2IV,Bet,,3.607447338641916
UMi,11767.0,11734,8890.0,424.0,,1Alp UMi,Polaris,2.52975,89.264109,132.626,1.97,F7:Ib-IIv SB,Alp,1.0,2495.743794831569
UMi,85822.0,85560,166205.0,6789.0,,23Del UMi,Yildun,17.536918,86.58646,52.7704,4.35,A1Vn,Del,23.0,44.136714346343965
UMi,82080.0,81830,153751.0,6322.0,,22Eps UMi,,16.766159,82.037262,93.1966,4.21,G5IIIvar,Eps,22.0,156.60297206860486
UMi,77055.0,76819,142105.0,5903.0,,16Zet UMi,,15.734299,77.794493,113.1222,4.29,A3Vn,Zet,16.0,214.3877665973507
UMi,79822.0,79580,148048.0,6116.0,GJ 3950A,21Eta UMi,,16.291791,75.75533,29.7354,4.95,F5V,Eta,21.0,8.061205638638908
UMi,75097.0,74868,137422.0,5735.0,,13Gam UMi,Pherkad,15.345483,71.834016,149.2537,3.0,A3II-III,Gam,13.0,1224.6161992650489
UMi,72607.0,72380,131873.0,5563.0,,7Bet UMi,Kochab,14.845105,74.155505,40.1445,2.07,K4IIIvar,Bet,7.0,208.54510476931685
Eri,21594.0,21541,29503.0,1481.0,GJ 9160A,53    Eri,Sceptrum,4.63634,-14.30402,33.6814,3.86,K1III,,53.0,28.235793691102995
Eri,23972.0,23917,33328.0,1679.0,,69Lam Eri,,5.15244,-8.754081,248.7562,4.25,B2IVn,Lam,69.0,1075.474208972789
Eri,23875.0,23820,33111.0,1666.0,GJ 9175,67Bet Eri,Cursa,5.130829,-5.086446,27.3973,2.78,A3IIIvar,Bet,67.0,50.53589947531675
Eri,22701.0,22648,31109.0,1560.0,,61Ome Eri,,4.881575,-5.452695,72.0461,4.36,A9IV,Ome,61.0,81.50795556116014
Eri,22109.0,22056,30211.0,1520.0,,57Mu  Eri,,4.758375,-3.254657,160.0,4.01,B5IV,Mu,57.0,555.1367774352115
Eri,21444.0,21391,29248.0,1463.0,,48Nu  Eri,,4.605317,-3.352459,207.0393,3.93,B2III SB,Nu,48.0,1000.0
Eri,17378.0,17336,23249.0,1136.0,Gl 150,23Del Eri,Rana,3.720806,-9.763395,9.0408,3.52,K0IV,Del,23.0,2.782274657675122
Eri,16537.0,16496,22049.0,1084.0,Gl 144,18Eps Eri,Ran,3.548848,-9.458262,3.2161,3.72,K2V,Eps,18.0,0.2929543829769431
Eri,15197.0,15159,20320.0,984.0,,13Zet Eri,Zibal,3.263896,-8.81973,33.6474,4.8,A5m,Zet,13.0,11.857687481671595
Eri,13701.0,13667,18322.0,874.0,,3Eta Eri,Azha,2.940458,-8.898144,41.8585,3.89,K1III-IV,Eta,3.0,42.42286549229506
Eri,12843.0,12810,17206.0,818.0,Gl 111,1Tau1Eri,,2.751715,-18.572563,14.2207,4.47,F5/F6V,Tau-1,1.0,2.8707805820246897
Eri,14146.0,14112,18978.0,919.0,Gl 121,11Tau3Eri,,3.039863,-23.624472,27.1739,4.08,A4V,Tau-3,11.0,15.010667325703686
Eri,15474.0,15436,20720.0,1003.0,,16Tau4Eri,,3.325278,-21.757864,93.3707,3.7,M3/M4III,Tau-4,16.0,251.420103015902
Eri,16611.0,16570,22203.0,1088.0,,19Tau5Eri,,3.563132,-21.632883,89.9281,4.26,B9V,Tau-5,19.0,139.1874248839297
Eri,17651.0,17609,23754.0,1173.0,Gl 155,27Tau6Eri,,3.780804,-23.249723,17.6274,4.22,F3/F5V,Tau-6,27.0,5.551367774352111
Eri,21393.0,21340,29291.0,1464.0,,52Ups2Eri,Theemin,4.592512,-30.562341,65.5738,3.81,G8III,Ups-2,52.0,112.0985512875314
Eri,20535.0,20483,28028.0,1393.0,,43    Eri,Beemim,4.400613,-34.016846,90.8265,3.97,K4III,,43.0,185.5239575549284
Eri,20042.0,19992,27376.0,1347.0,,41Ups4Eri,,4.298237,-33.798348,54.5554,3.55,B9V,Ups-4,41.0,98.53715068586186
Eri,17874.0,17833,24160.0,1195.0,,,,3.824237,-36.20025,64.3501,4.17,G8III,,,77.481853277562
Eri,17797.0,17757,24071.0,1189.0,,,,3.809963,-37.620155,50.7357,4.3,A+...,,,42.73660314969305
Eri,15510.0,15471,20794.0,1008.0,Gl 139,,82 G. Eri,3.331944,-43.069784,6.0434,4.26,G8V,,,0.6286370884130494
Eri,13847.0,13813,18622.0,897.0,,The1Eri,Acamar,2.971023,-40.304672,49.4315,2.88,A4III+...,The-1,,149.96848355023724
Eri,12486.0,12452,16815.0,794.0,,Iot Eri,,2.677781,-39.855375,46.1894,4.11,K0III,Iot,,42.18907465677975
Eri,12413.0,12381,16754.0,789.0,,,,2.663326,-42.89167,35.6888,4.74,A2V,,,14.099379493587232
Eri,11407.0,11380,15371.0,721.0,,Kap Eri,,2.449755,-47.70384,155.7632,4.24,B5IV,Kap,,425.402462944068
Eri,10602.0,10578,14228.0,674.0,,Phi Eri,,2.275154,-51.512165,47.1254,3.56,B8IV-V,Phi,,72.84504232923301
Eri,9007.0,8989,11937.0,566.0,Gl 81A,Chi Eri,,1.932564,-51.608896,17.8508,3.69,G5IV,Chi,,9.272567425805942
Eri,7588.0,7574,10144.0,472.0,,Alp Eri,Achernar,1.628556,-57.236757,42.7533,0.45,B3Vp,Alp,,1051.9618738232234
Per,17448.0,17406,23180.0,1131.0,,38Omi Per,Atik,3.738648,32.288248,343.6426,3.84,B1III,Omi,38.0,2995.021883751126
Per,18246.0,18201,24398.0,1203.0,,44Zet Per,,3.9022,31.883635,230.4147,2.84,B1Ib,Zet,44.0,3382.2055666965434
Per,18614.0,18567,24912.0,1228.0,,46Xi  Per,Menkib,3.98275,35.791033,381.6794,3.98,O7.5Iab:,Xi,46.0,3244.890156605363
Per,18532.0,18485,24760.0,1220.0,,45Eps Per,,3.96423,40.010215,195.6947,2.9,B0.5V,Eps,45.0,2307.809729698403
Per,17358.0,17316,22928.0,1122.0,,39Del Per,,3.715416,47.787551,158.2278,3.01,B5III SB,Del,39.0,1362.6991969948704
Per,15863.0,15824,20902.0,1017.0,,33Alp Per,Mirfak,3.405378,49.86118,155.2795,1.79,F5Ib,Alp,33.0,4040.173353730007
Per,14328.0,14292,18925.0,915.0,,23Gam Per,,3.079942,53.50644,74.5712,2.91,G8III+...,Gam,23.0,332.04733579750683
Per,13268.0,13234,17506.0,834.0,,15Eta Per,Miram,2.844945,55.895496,269.5418,3.77,K3Ib comp SB,Eta,15.0,1964.264645879858
Per,13254.0,13221,17584.0,840.0,,16    Per,,2.843063,38.318644,37.0233,4.22,F2III,,16.0,24.47935666196065
Per,14354.0,14318,19058.0,921.0,,25Rho Per,,3.08627,38.840274,94.3396,3.32,M3IIIvar,Rho,25.0,364.0826637894008
Per,14576.0,14540,19356.0,936.0,,26Bet Per,Algol,3.136148,40.955648,27.571,2.09,B8V,Bet,26.0,96.56060985415496
Tri,10670.0,10645,14055.0,664.0,,9Gam Tri,,2.288573,33.847194,34.4353,4.03,A1Vnn,Gam,9.0,25.234807724805755
Tri,10064.0,10041,13161.0,622.0,,4Bet Tri,,2.159058,34.987297,38.8954,3.0,A5III,Bet,4.0,83.0998041044432
Tri,8796.0,8777,11443.0,544.0,Gl 78.1,2Alp Tri,Mothallah,1.884696,29.578829,19.4175,3.42,F6IV,Alp,2.0,14.073431383183484
For,14879.0,14843,20010.0,963.0,Gl 127A,Alp For,Dalim,3.201249,-28.987618,14.2369,3.8,F8V,Alp,,5.330893422367013
For,13147.0,13114,17652.0,841.0,,Bet For,,2.818169,-32.405898,52.9381,4.45,G8III,Bet,,40.5135220229264
Ari,13209.0,13176,17573.0,838.0,,41    Ari,Bharani,2.833063,27.260507,50.7872,3.61,B8Vn,,41.0,80.83510373900673
Ari,9884.0,9861,12929.0,617.0,Gl 84.3,13Alp Ari,Hamal,2.119555,23.462423,20.1776,2.01,K2III,Alp,13.0,55.6672798150948
Ari,8903.0,8884,11636.0,553.0,Gl 80,6Bet Ari,Sheratan,1.910668,20.808035,17.9856,2.64,A5V...,Bet,6.0,24.774220576332848
Ari,8832.0,8813,11502.0,546.0,,5Gam2Ari,Mesarthim,1.89217,19.293852,50.3018,3.88,A1p Si,Gam-2,5.0,61.83010727517132
Hor,19747.0,19697,26967.0,1326.0,,Alp Hor,,4.233363,-42.294368,35.2609,3.85,K1III,Alp,,31.21763510848165
Hor,12484.0,12451,16920.0,802.0,,Zet Hor,,2.677666,-54.549911,49.0918,5.21,F4IV,Zet,,17.298163592151013
Hor,14240.0,14206,19319.0,934.0,,Mu  Hor,,3.060239,-59.737775,43.4028,5.12,F0IV,Mu,,14.69602898979651
Ret,19780.0,19730,27256.0,1336.0,,Alp Ret,,4.240404,-62.473858,49.554,3.33,G7III,Alp,,99.54054173515264
Ret,17440.0,17398,23817.0,1175.0,Gl 154.2,Bet Ret,,3.736593,-64.806903,29.8597,3.84,K0IV SB,Bet,,22.59435770220978
Ret,18597.0,18550,25422.0,1247.0,,Del Ret,,3.979095,-61.400185,161.2903,4.56,M2III,Del,,339.7817118270833
Ret,19921.0,19871,27442.0,1355.0,Gl 167.3,Eps Ret,,4.274738,-59.302156,18.2382,4.44,K2IV,Eps,,4.8528850016212095
Cam,16228.0,16187,21291.0,1035.0,,,,3.484482,59.94033,595.2381,4.21,B9Ia,,,6385.574850788397
Cam,22783.0,22730,30614.0,1542.0,,9Alp Cam,,4.900836,66.342678,100000.0,4.26,O9.5Ia SB:,Alp,9.0,172186857.49860096
Cam,17959.0,17917,23401.0,1148.0,,Gam Cam,,3.839302,71.332266,110.011,4.59,A2IVn,Gam,,153.74464569916873
Cam,25110.0,25047,33564.0,1686.0,Gl 196,,,5.376036,79.231149,20.8855,5.08,F6V,,,3.528580258285269
Men,25918.0,25853,37763.0,1953.0,,Gam Men,,5.531318,-76.340964,31.3578,5.18,K4III,Gam,,7.25771650267428
Men,21949.0,21896,30612.0,1541.0,,Mu  Men,,4.717764,-70.931027,150.6024,5.53,B9IV,Mu,,121.22717925364972
Tau,26451.0,26386,37202.0,1910.0,,123Zet Tau,Tianguan,5.627413,21.142549,136.4256,2.97,B4IIIp,Zet,123.0,1050.9934271862176
Tau,21421.0,21368,29139.0,1457.0,Gl 171.1A,87Alp Tau,Aldebaran,4.598677,16.509301,20.4332,0.87,K5III,Alp,87.0,163.23000728189953
Tau,20894.0,20842,28319.0,1412.0,,78The2Tau,Chamukuy,4.477705,15.870883,46.1042,3.4,A7III,The-2,78.0,80.83510373900673
Tau,20205.0,20155,27371.0,1346.0,,54Gam Tau,Prima Hyadum,4.329889,15.627642,49.5295,3.65,G8III,Gam,54.0,74.06277836681546
Tau,18724.0,18677,25204.0,1239.0,,35Lam Tau,,4.011338,12.490347,148.368,3.41,B3V + A,Lam,35.0,829.468695095263
Tau,15900.0,15861,21120.0,1030.0,,1Omi Tau,,3.413554,9.02887,89.2061,3.61,G8III,Omi,1.0,249.344618809783
Tau,25428.0,25364,35497.0,1791.0,,112Bet Tau,Elnath,5.438198,28.60745,41.0509,1.65,B7III,Bet,112.0,321.21809339879854
Tau,21881.0,21828,29763.0,1497.0,,94Tau Tau,,4.704084,22.956926,122.1001,4.27,B3V,Tau,94.0,254.4485615146634
Tau,20889.0,20837,28305.0,1409.0,,74Eps Tau,Ain,4.476943,19.180431,44.964,3.53,K0III,Eps,74.0,68.17105263058534
Tau,20648.0,20597,27962.0,1389.0,,68Del3Tau,,4.424828,17.92791,45.5373,4.3,A2IV,Del-3,68.0,34.419138826842904
Tau,20455.0,20405,27697.0,1373.0,,61Del1Tau,Secunda Hyadum,4.382247,17.542514,47.7099,3.77,G8III,Del-1,61.0,61.54602373713163
Tau,17847.0,17805,23850.0,1178.0,,27    Tau,Atlas,3.819373,24.053415,117.2333,3.62,B8III,,27.0,426.5795188015925
Dor,19893.0,19843,27290.0,1338.0,Gl 167.1,Gam Dor,,4.267097,-51.486648,20.4625,4.26,F4III,Gam,,7.211074791828994
Dor,21281.0,21228,29305.0,1465.0,,Alp Dor,,4.566598,-55.044975,51.7063,3.3,A0V:,Alp,,111.48078033638414
Dor,26069.0,26004,37350.0,1922.0,,Bet Dor,,5.560421,-62.489825,308.642,3.76,F6Ia,Bet,,2598.962421108662
Dor,27890.0,27821,40409.0,2102.0,Gl 224.1,,,5.901658,-63.089627,26.2467,4.65,K1III/IV,,,8.279421637123338
Dor,27100.0,27034,39014.0,2015.0,,Del Dor,,5.746223,-65.735526,45.8716,4.34,A7V,Del,,33.666657436862266
Cae,21861.0,21808,29992.0,1503.0,Gl 176.1,Bet Cae,,4.700965,-37.144297,28.6697,5.04,F3V,Bet,,6.899220098440472
Cae,21770.0,21717,29875.0,1502.0,Gl 174.1A,Alp Cae,,4.676039,-41.863752,20.1654,4.44,F2V,Alp,,5.931984396649727
Cae,21060.0,21008,28873.0,1443.0,,Del Cae,,4.513916,-44.953749,215.9827,5.07,B2IV-V,Del,,380.8903764981352
Pic,32607.0,32521,50241.0,2550.0,Gl 248,Alp Pic,,6.803194,-61.941391,29.6033,3.24,A7IV,Alp,,38.618908944898976
Pic,27530.0,27461,39523.0,2042.0,,Gam Pic,,5.830451,-56.166663,54.2005,4.5,K1III,Gam,,40.55085354483837
Pic,27321.0,27253,39060.0,2020.0,Gl 219,Bet Pic,,5.788079,-51.066514,19.4401,3.85,A3V,Bet,,9.488553267278007
Aur,28380.0,28309,40312.0,2095.0,,37The Aur,Mahasim,5.995351,37.212585,50.7614,2.65,A0p Si,The,37.0,195.52396696208865
Aur,28360.0,28288,40183.0,2088.0,GJ 3375,34Bet Aur,Menkalinan,5.992149,44.947433,24.8694,1.9,A2V,Bet,34.0,93.58365435835302
Aur,24608.0,24549,34029.0,1708.0,Gl 194A,13Alp Aur,Capella,5.27815,45.997991,13.1234,0.08,M1: comp,Alp,13.0,139.3156802945302
Aur,23453.0,23398,32068.0,1612.0,,8Zet Aur,Saclateni,5.041301,41.075837,240.9639,3.69,K4II comp,Zet,8.0,1690.440931643265
Aur,23015.0,22961,31398.0,1577.0,,3Iot Aur,Hassaleh,4.949894,33.16609,151.2859,2.69,K3IIvar,Iot,3.0,1673.4009068393125
Aur,25428.0,25364,35497.0,1791.0,,112Bet Tau,Elnath,5.438198,28.60745,41.0509,1.65,B7III,Bet,112.0,321.21809339879854
Ori,24436.0,24378,34085.0,1713.0,,19Bet Ori,Rigel,5.242298,-8.20164,264.5503,0.18,B8Ia,Bet,19.0,51665.42425669497
Ori,27366.0,27298,38771.0,2004.0,,53Kap Ori,Saiph,5.795941,-9.669605,198.4127,2.07,B0.5Iavar,Kap,53.0,5095.654806081146
Ori,26727.0,26662,37742.0,1948.0,,50Zet Ori,Alnitak,5.679313,-1.942572,225.7336,1.74,O9.5Ib SB,Zet,50.0,8937.169608501978
Ori,26311.0,26246,37128.0,1903.0,,46Eps Ori,Alnilam,5.603559,-1.20192,606.0606,1.69,B0Ia,Eps,46.0,67483.87308707573
Ori,25930.0,25865,36486.0,1852.0,,34Del Ori,Mintaka,5.533445,-0.299092,212.3142,2.25,O9.5II,Del,34.0,4943.106869868354
Ori,25336.0,25273,35468.0,1790.0,,24Gam Ori,Bellatrix,5.418851,6.349702,77.3994,1.64,B2III,Gam,24.0,1152.3913771994878
Ori,26207.0,26142,36861.0,1879.0,,39Lam Ori,Meissa,5.585633,9.934158,336.7003,3.39,O...,Lam,39.0,4349.106072324538
Ori,27989.0,27919,39801.0,2061.0,,58Alp Ori,Betelgeuse,5.919529,7.407063,152.6718,0.45,M2Ib,Alp,58.0,13415.28798266127
Ori,23123.0,23069,31767.0,1601.0,,10Pi 6Ori,,4.975806,1.714016,289.8551,4.47,K2IIvar,Pi-6,10.0,1192.3396878859664
Ori,22730.0,22677,31139.0,1562.0,,5    Ori,,4.889659,2.508225,181.1594,5.33,M1III,,5.0,210.86281499332887
Ori,22549.0,22496,30836.0,1552.0,,3Pi 4Ori,,4.853434,5.605104,322.5806,3.68,B2III SB,Pi-4,3.0,3056.3282803659663
Ori,22449.0,22396,30652.0,1543.0,Gl 178,1Pi 3Ori,Tabit,4.830669,6.961276,8.0684,3.19,F6V,Pi-3,1.0,3.003308878676558
Ori,22509.0,22456,30739.0,1544.0,,2Pi 2Ori,,4.843534,8.900176,68.8231,4.35,A1Vn,Pi-2,2.0,75.09309424540648
Ori,22845.0,22792,31295.0,1570.0,,7Pi 1Ori,,4.914924,10.150833,35.6633,4.64,A0V,Pi-1,7.0,15.431210656577916
Ori,28614.0,28543,40932.0,2124.0,,61Mu  Ori,,6.039722,9.647276,47.5059,4.12,Am...,Mu,61.0,44.21809210742687
Ori,29038.0,28966,41753.0,2159.0,,67Nu  Ori,,6.126201,14.768472,158.2278,4.42,B3IV,Nu,67.0,371.8775833249358
Ori,27913.0,27844,39587.0,2047.0,Gl 222A,54Chi1Ori,,5.906386,20.276174,8.6633,4.39,G0V,Chi-1,54.0,1.1460405911366025
Ori,28716.0,28645,41117.0,2135.0,,62Chi2Ori,,6.065329,20.138452,552.4862,4.64,B2Iavar,Chi-2,62.0,3705.100563019244
Ori,29434.0,29361,42545.0,2198.0,,69    Ori,,6.200911,16.130406,162.0746,4.95,B5Vn,,69.0,239.6624529408638
Ori,29426.0,29353,42560.0,2199.0,,70Xi  Ori,,6.198999,14.208765,186.2197,4.45,B3IV,Xi,70.0,501.18723362727246
Lep,24873.0,24813,34863.0,1757.0,,7Nu  Lep,,5.333062,-12.315585,102.2495,5.29,B7/B8V,Nu,7.0,69.69473963563203
Lep,24845.0,24785,34816.0,1756.0,,6Lam Lep,,5.326257,-13.176788,261.0966,4.29,B0.5IV,Lam,6.0,1141.8261895482235
Lep,24305.0,24249,33904.0,1702.0,,5Mu  Lep,,5.215528,-16.205468,57.0125,3.29,B9IV: HgMn,Mu,5.0,136.77288255958496
Lep,23685.0,23630,32887.0,1654.0,,2Eps Lep,,5.091018,-22.371032,65.4022,3.19,K4III,Eps,2.0,197.33312795365023
Lep,24244.0,24187,33802.0,1696.0,,3Iot Lep,,5.204973,-11.869219,71.0732,4.45,B8V,Iot,3.0,73.04659895204111
Lep,24327.0,24270,33949.0,1705.0,,4Kap Lep,,5.220522,-12.941291,223.2143,4.36,B7V,Kap,4.0,782.708409590612
Lep,25985.0,25920,36673.0,1865.0,,11Alp Lep,Arneb,5.545504,-17.822289,680.2721,2.58,F0Ib,Alp,11.0,37428.29122408052
Lep,25606.0,25542,36079.0,1829.0,,9Bet Lep,Nihal,5.470756,-20.759441,49.1642,2.81,G5II,Bet,9.0,158.1976398601154
Lep,27072.0,27006,38393.0,1983.0,Gl 216A,13Gam Lep,,5.741057,-22.448382,8.927,3.59,F7V,Gam,13.0,2.544485615146636
Lep,27654.0,27585,39364.0,2035.0,,15Del Lep,,5.855357,-20.879089,34.8675,3.76,G8III/IV,Del,15.0,33.17416496945389
Lep,28910.0,28837,41695.0,2155.0,,18The Lep,,6.10259,-14.935254,52.9661,4.67,A0V,The,18.0,33.11311214825911
Lep,28103.0,28032,40136.0,2085.0,Gl 225,16Eta Lep,,5.940082,-14.1677,14.8787,3.71,F1V,Eta,16.0,6.327031548665008
Lep,27288.0,27220,38678.0,1998.0,Gl 217.1,14Zet Lep,,5.782595,-14.82195,21.6076,3.55,A2Vann,Zet,14.0,15.459662193866745
Col,30277.0,30204,44762.0,2296.0,,Del Col,,6.368564,-33.4364,71.736,3.85,G7II,Del,,129.30043917962797
Col,29807.0,29734,43785.0,2256.0,,Kap Col,,6.275871,-35.140519,55.9597,4.37,G8II,Kap,,48.70796664925366
Col,28199.0,28127,40494.0,2106.0,,Gam Col,,5.958947,-35.28328,266.6667,4.36,B2.5IV,Gam,,1116.863247780561
Col,27628.0,27559,39425.0,2040.0,,Bet Col,Wazn,5.849329,-35.768309,26.7308,3.12,K1.5III,Bet,,35.15604405282981
Col,26634.0,26569,37795.0,1956.0,,Alp Col,Phact,5.660817,-34.074108,80.1282,2.65,B7IV,Alp,,487.0796664925367
Col,25859.0,25794,36597.0,1862.0,,Eps Col,,5.520209,-35.470519,80.7103,3.86,K1II/III,Eps,,162.181009735893
Col,28328.0,28256,40808.0,2120.0,,Eta Col,,5.985778,-42.815135,144.7178,3.96,K0III,Eta,,475.55417631520834
Mon,37447.0,37340,61935.0,2970.0,,26Alp Mon,,7.687454,-9.551131,45.3104,3.94,K0III,Alp,26.0,47.46789794829222
Mon,39863.0,39750,67594.0,3188.0,,29Zet Mon,,8.143236,-2.983786,324.6753,4.36,G2Ib,Zet,29.0,1655.0076287699912
Mon,34769.0,34677,55185.0,2714.0,,22Del Mon,,7.197739,-0.492764,117.7856,4.15,A2V,Del,22.0,264.24087573219475
Mon,30419.0,30346,44769.0,2298.0,,8Eps Mon,,6.396135,4.592865,37.4953,4.39,A5IV,Eps,8.0,21.47830474130533
Mon,30867.0,30794,45725.0,2356.0,,11Bet Mon,,6.480297,-7.033062,207.4689,3.76,B3Ve,Bet,11.0,1174.8975549395302
Mon,29651.0,29578,43232.0,2227.0,,5Gam Mon,,6.247592,-6.274776,152.6718,3.99,K3III,Gam,5.0,514.7543199312626
Gem,28734.0,28664,41116.0,2134.0,,1    Gem,,6.068671,23.263341,47.5511,4.16,G7III,,1.0,42.69725940480335
Gem,29655.0,29582,42995.0,2216.0,,7Eta Gem,Propus,6.247961,22.506799,117.9245,3.31,M3III,Eta,7.0,574.3809134963176
Gem,30343.0,30270,44478.0,2286.0,,13Mu  Gem,Tejat,6.382673,22.513586,71.0227,2.87,M3IIIvar,Mu,13.0,312.4640085806112
Gem,32246.0,32161,48329.0,2473.0,,27Eps Gem,Mebsuta,6.732202,25.131124,259.0674,3.06,A3mA6-A9,Eps,27.0,3489.7956743787418
Gem,34693.0,34601,54719.0,2697.0,,46Tau Gem,,7.185659,30.245163,98.4252,4.41,K2III,Tau,46.0,145.34496779183144
Gem,36850.0,36744,60179.0,2891.0,Gl 278A,66Alp Gem,Castor,7.576634,31.888276,15.5958,1.58,A2Vm,Alp,66.0,49.43106869868354
Gem,30883.0,30810,45542.0,2343.0,,18Nu  Gem,,6.482719,20.212133,166.9449,4.13,B6III,Nu,18.0,541.0034068634678
Gem,33018.0,32932,50019.0,2540.0,,34The Gem,,6.879816,33.961254,57.971,3.6,A3III,The,34.0,106.26738654024652
Gem,36046.0,35946,58207.0,2821.0,,60Iot Gem,,7.428779,27.79808,36.9004,3.78,G9III+...,Iot,60.0,36.47539469256078
Gem,37740.0,37633,62345.0,2985.0,,77Kap Gem,,7.740793,24.397993,43.3463,3.57,G8III,Kap,77.0,61.09420249055721
Gem,37826.0,37718,62509.0,2990.0,Gl 286,78Bet Gem,Pollux,7.755277,28.026199,10.3584,1.16,K0IIIvar,Bet,78.0,32.09223768048434
Gem,36962.0,36856,60522.0,2905.0,,69Ups Gem,,7.598708,26.895741,83.0565,4.06,K5III,Ups,69.0,142.82360800191825
Gem,35550.0,35453,56986.0,2777.0,Gl 271A,55Del Gem,Wasat,7.335383,21.98232,18.5391,3.5,F0IV...,Del,55.0,11.912420080273744
Gem,35350.0,35253,56537.0,2763.0,GJ 9231A,54Lam Gem,,7.30155,16.540383,30.931,3.58,A3V...,Lam,54.0,30.81768416611512
Gem,32362.0,32276,48737.0,2484.0,Gl 242,31Xi  Gem,Alzirr,6.754824,12.895591,17.9986,3.35,F5IV,Xi,31.0,12.894366199598707
Gem,31681.0,31601,47105.0,2421.0,,24Gam Gem,Alhena,6.628528,16.399252,33.5121,1.93,A0IV,Gam,24.0,165.34840121711517
Gem,34088.0,34000,52973.0,2650.0,,43Zet Gem,Mekbuda,7.068481,20.570297,421.9409,4.01,G3Ibv SB,Zet,43.0,3858.335599053513
Car,45238.0,45106,80007.0,3685.0,,Bet Car,Miaplacidus,9.220041,-69.717208,34.6981,1.67,A2IV,Bet,,225.32013356294823
Car,50099.0,49958,89080.0,4037.0,,Ome Car,,10.228961,-70.037903,104.8218,3.29,B8III,Ome,,462.1681360922447
Car,52419.0,52268,93030.0,4199.0,,The Car,,10.715949,-64.39445,139.6648,2.74,B0Vp,The,,1361.4446824659497
Car,52468.0,52317,93070.0,4200.0,,,,10.725639,-60.566619,349.6503,4.58,K3Ib,,,1567.4727518004374
Car,54463.0,54304,96918.0,4337.0,,,,11.143165,-58.975037,100000.0,3.93,G0Ia0,,,233345806.22810045
Car,53253.0,53099,94510.0,4257.0,Gl 404.1,,,10.891559,-58.853171,29.129,3.78,K0III-IV...,,,22.740499508958955
Car,51232.0,51087,90853.0,4114.0,,,,10.464649,-58.739403,411.5226,3.81,F2II,,,4413.671434634397
Car,50371.0,50229,89388.0,4050.0,,,,10.28472,-61.332304,201.6129,3.39,K3II,,,1560.270868693062
Car,45556.0,45425,80404.0,3699.0,,Iot Car,Aspidiske,9.284838,-59.275229,234.7418,2.21,A8Ib,Iot,,6269.024974761646
Car,45080.0,44952,79351.0,3659.0,,,,9.182804,-58.966896,136.9863,3.43,B2IV,,,693.7452139421235
Car,42568.0,42449,74375.0,3457.0,,,,8.676953,-59.761003,442.4779,4.31,B1.5III,,,3218.103443093442
Car,41037.0,40921,71129.0,3307.0,,Eps Car,Avior,8.375236,-59.509483,185.5288,1.86,K3III+B2V,Eps,,5405.053537086696
Car,30438.0,30365,45348.0,2326.0,,Alp Car,Canopus,6.399195,-52.69566,94.7867,-0.62,F0Ib,Alp,,13854.791675667217
Pup,31685.0,31605,47670.0,2451.0,,Nu  Pup,,6.629353,-43.195934,113.8952,3.17,B8III SB,Nu,,609.8176639987851
Pup,35264.0,35169,56855.0,2773.0,,Pi  Pup,,7.285711,-37.09747,247.5248,2.71,K3Ib,Pi,,4397.440784473689
Pup,38170.0,38062,63700.0,3045.0,,7Xi  Pup,Azmidi,7.821571,-24.859786,367.6471,3.34,G6Ia,Xi,7.0,5430.002130657378
Pup,39757.0,39644,67523.0,3185.0,,15Rho Pup,Tureis,8.125737,-24.304324,19.4818,2.83,F2mF5IIp,Rho,15.0,24.389337302789126
Pup,39429.0,39318,66811.0,3165.0,,Zet Pup,Naos,8.059737,-40.003148,332.2259,2.21,O5IAf,Zet,,12554.51673687138
Pup,36377.0,36274,59717.0,2878.0,,Sig Pup,,7.487179,-43.301432,59.3824,3.25,K5III SB,Sig,,153.88631498199555
Pup,32768.0,32682,50310.0,2553.0,,Tau Pup,,6.832266,-50.61456,55.8036,2.94,K0III...,Tau,,180.8006552110008
CMa,32349.0,32263,48915.0,2491.0,Gl 244A,9Alp CMa,Sirius,6.752481,-16.716116,2.6371,-1.44,A0m...,Alp,9.0,22.82443312173504
CMa,31592.0,31512,47205.0,2429.0,Gl 239.1,7Nu 2CMa,,6.611399,-19.255879,19.7511,3.95,K1III+...,Nu-2,7.0,8.937169608501975
CMa,33152.0,33065,50877.0,2580.0,,16Omi1CMa,,6.902209,-24.184211,100000.0,3.89,K3Iab,Omi-1,16.0,242102904.673618
CMa,33856.0,33769,52877.0,2646.0,,22Sig CMa,Nganurganity,7.028652,-27.93483,343.6426,3.49,K4III,Sig,22.0,4134.281080471351
CMa,34444.0,34354,54605.0,2693.0,,25Del CMa,Wezen,7.139857,-26.3932,492.6108,1.83,F8Ia,Del,25.0,39192.2322454977
CMa,33977.0,33888,53138.0,2653.0,,24Omi2CMa,,7.050409,-23.833291,847.4576,3.02,B3Ia,Omi-2,24.0,38761.44867002412
CMa,34045.0,33956,53244.0,2657.0,,23Gam CMa,Muliphein,7.062637,-15.633286,135.5014,4.11,B8II,Gam,23.0,363.0780547701014
CMa,33347.0,33260,51309.0,2596.0,,20Iot CMa,,6.935618,-17.054242,769.2308,4.36,B3Ib/II,Iot,20.0,9289.663867799363
CMa,33160.0,33073,50778.0,2574.0,,14The CMa,,6.903167,-12.038628,79.9361,4.08,K4III,The,14.0,129.89726288978545
CMa,30324.0,30251,44743.0,2294.0,,2Bet CMa,Mirzam,6.378329,-17.955918,151.0574,1.98,B1II/III,Bet,2.0,3209.223768048436
CMa,31416.0,31339,46933.0,2414.0,,5Xi 2CMa,,6.584274,-22.964793,135.318,4.54,A0III,Xi-2,5.0,243.6688423459584
CMa,35904.0,35806,58350.0,2827.0,,31Eta CMa,Aludra,7.401584,-29.303104,609.7561,2.45,B5Ia,Eta,31.0,33915.6386905822
CMa,35037.0,34943,56139.0,2749.0,,28Ome CMa,,7.246849,-26.772667,279.3296,4.01,B2IV/Ve,Ome,28.0,1691.9986025030057
CMa,32759.0,32672,50013.0,2538.0,,13Kap CMa,,6.830683,-32.508478,202.0202,3.5,B1.5IVne,Kap,13.0,1415.1419329314303
CMa,33579.0,33492,52089.0,2618.0,,21Eps CMa,Adhara,6.977097,-28.972084,124.2236,1.5,B2II,Eps,21.0,3375.981048554255
CMa,30122.0,30049,44402.0,2282.0,,1Zet CMa,Furud,6.338553,-30.063367,111.1111,3.02,B2.5V,Zet,1.0,666.1929002234552
Lyn,45860.0,45728,80493.0,3705.0,,40Alp Lyn,,9.350925,34.392562,62.2665,3.14,M0IIIvar,Alp,40.0,187.2405895986797
Lyn,45688.0,45557,80081.0,3690.0,,38    Lyn,,9.314069,36.802597,38.2702,3.82,A1V,,38.0,37.80941866832965
Lyn,44700.0,44572,77912.0,3612.0,,,,9.108825,38.452215,250.6266,4.56,G8Ib-II,,,820.3515443298185
Lyn,44248.0,44120,76943.0,3579.0,Gl 332A,,,9.010685,41.782911,16.0694,3.96,F5V,,,5.861381645140285
Lyn,41075.0,40959,70272.0,3275.0,,31    Lyn,Alsciaukat,8.380588,43.188131,117.2333,4.25,K5III,,31.0,238.7811282913176
Lyn,36145.0,36044,58142.0,2818.0,,21    Lyn,,7.445237,49.211527,83.8926,4.61,A1V,,21.0,87.82132798980062
Lyn,33449.0,33362,50522.0,2560.0,,15    Lyn,,6.954612,58.422759,54.6747,4.35,G5III-IV,,15.0,47.38053933388255
Lyn,30060.0,29987,43378.0,2238.0,,2    Lyn,,6.327052,59.010964,48.0077,4.44,A2Vs,,2.0,33.6356635748362
Vol,44382.0,44254,78045.0,3615.0,Gl 333.3,Alp Vol,,9.040777,-66.396076,38.2995,4.0,Am,Alp,,32.09223768048434
Vol,41312.0,41195,71878.0,3347.0,GJ 3499,Bet Vol,,8.428951,-66.13689,32.9707,3.77,K2IIIvar,Bet,,29.40356573672507
Vol,39794.0,39681,68520.0,3223.0,,Eps Vol,,8.132173,-68.617062,172.4138,4.35,B6IV,Eps,,471.194269420276
Vol,37504.0,37397,63295.0,3024.0,,Zet Vol,,7.697004,-72.606098,43.2339,3.93,K0III,Zet,,43.61139713930644
Vol,34481.0,34389,55865.0,2736.0,,Gam2Vol,,7.145788,-70.498932,42.8633,3.78,G8IIIvar,Gam-2,,49.20395356814509
Vol,35228.0,35132,57623.0,2803.0,,Del Vol,,7.280508,-67.957152,226.2443,3.97,F6II,Del,,1151.330474155817
CMi,37279.0,37173,61421.0,2943.0,Gl 280A,10Alp CMi,Procyon,7.655033,5.224993,3.5142,0.4,F5IV-V,Alp,10.0,7.4404636619191935
CMi,36188.0,36087,58715.0,2845.0,,3Bet CMi,Gomeisa,7.452512,8.289315,49.5786,2.89,B8Vvar,Bet,3.0,149.41699574067007
Cha,40702.0,40587,71243.0,3318.0,Gl 305,Alp Cha,,8.308703,-76.919722,19.5618,4.05,F5III,Alp,,7.99466002520316
Cha,51839.0,51690,92305.0,4174.0,,Gam Cha,,10.591166,-78.607786,128.041,4.11,M0III,Gam,,324.1902878227871
Cha,60000.0,59816,106911.0,4674.0,,Bet Cha,,12.305812,-79.31224,91.4913,4.24,B5Vn,Bet,,146.82499678319857
Cnc,44066.0,43939,76756.0,3572.0,,65Alp Cnc,Acubens,8.974784,11.857701,57.7367,4.26,A5m,Alp,65.0,57.385213267461886
Cnc,42911.0,42792,74442.0,3461.0,,47Del Cnc,Asellus Australis,8.74475,18.154309,40.032,3.94,K0III,Del,47.0,37.05100563019239
Cnc,42806.0,42687,74198.0,3449.0,,43Gam Cnc,Asellus Borealis,8.721431,21.468501,55.5556,4.66,A1IV,Gam,43.0,36.77900704223862
Cnc,43103.0,42984,74739.0,3475.0,,48Iot Cnc,,8.778284,28.759898,101.5228,4.03,G8Iab:,Iot,48.0,219.381499189791
Cnc,40526.0,40411,69267.0,3249.0,,17Bet Cnc,Tarf,8.275256,9.185545,93.0233,3.53,K4III,Bet,17.0,291.87708481971424
Cnc,40843.0,40728,69897.0,3262.0,Gl 303,18Chi Cnc,,8.334406,27.217707,18.2715,5.13,F6V,Chi,18.0,2.5798829360403723
Vel,39953.0,39840,68273.0,3207.0,,Gam2Vel,,8.158876,-47.336588,342.4658,1.75,WC8 + O9I,Gam-2,,20379.803862870547
Vel,44816.0,44689,78647.0,3634.0,,Lam Vel,Suhail,9.133268,-43.432589,166.9449,2.23,K4Ib-II,Lam,,3113.149665447025
Vel,46651.0,46518,82434.0,3786.0,Gl 351A,Psi Vel,,9.511674,-40.466769,18.8147,3.6,F2IV,Psi,,11.189224819552424
Vel,50191.0,50050,88955.0,4023.0,,,,10.245607,-42.121942,31.0752,3.85,A2V,,,24.25492857109422
Vel,51986.0,51837,92139.0,4167.0,,,,10.621717,-48.22562,26.8384,3.84,A3m+...,,,18.264172487743544
Vel,52727.0,52575,93497.0,4216.0,,Mu  Vel,,10.779488,-49.420255,35.9195,2.69,G5III SB,Mu,,94.36262202767266
Vel,48774.0,48635,86440.0,3940.0,,Phi Vel,,9.947708,-54.56779,487.8049,3.52,B5Ib,Phi,,8098.41447325789
Vel,45941.0,45809,81188.0,3734.0,,Kap Vel,Markeb,9.368562,-55.010668,175.4386,2.47,B2IV,Kap,,2756.7666102901003
Vel,42913.0,42794,74956.0,3485.0,Gl 321.3A,Del Vel,Alsephina,8.745059,-54.708821,24.6975,1.93,A1V,Del,,89.78421709097269
Vel,42536.0,42416,74195.0,3447.0,,,,8.671554,-52.921887,151.2859,3.6,B3IV,Omi,,723.7690370745288
UMa,67301.0,67088,120315.0,5191.0,,85Eta UMa,Alkaid,13.792354,49.313265,31.8674,1.85,B3V SB,Eta,85.0,160.99040762157054
UMa,65378.0,65173,116656.0,5054.0,GJ 3783A,79Zet UMa,Mizar,13.398747,54.925362,26.3089,2.23,A2V,Zet,79.0,77.33925780489973
UMa,62956.0,62757,112185.0,4905.0,,77Eps UMa,Alioth,12.900472,55.959821,25.31,1.76,A0p,Eps,77.0,110.2554332102224
UMa,59774.0,59592,106591.0,4660.0,Gl 459,69Del UMa,Megrez,12.257086,57.032617,24.6853,3.32,A3Vvar,Del,69.0,24.9344618809783
UMa,54061.0,53905,95689.0,4301.0,,50Alp UMa,Dubhe,11.062155,61.751033,37.679,1.81,F7V comp,Alp,50.0,233.3458062281002
UMa,53910.0,53754,95418.0,4295.0,GJ 9343,48Bet UMa,Merak,11.030677,56.382427,24.4499,2.34,A1V,Bet,48.0,60.31148196178175
UMa,58001.0,57828,103287.0,4554.0,,64Gam UMa,Phecda,11.897168,53.69476,25.5037,2.41,A0V SB,Gam,64.0,61.54602373713163
Hya,64962.0,64758,115659.0,5020.0,,46Gam Hya,,13.315359,-23.171512,41.0341,2.99,G8III,Gam,46.0,93.41142557364785
Hya,64166.0,63963,114149.0,4958.0,,45Psi Hya,,13.150909,-23.11807,70.9723,4.94,K0III,Psi,45.0,46.34469197362877
Hya,57936.0,57763,103192.0,4552.0,,Bet Hya,,11.881813,-33.908124,94.9668,4.29,Ap Si,Bet,,151.0775731924994
Hya,56343.0,56174,100407.0,4450.0,,Xi  Hya,,11.550038,-31.857625,39.7456,3.54,G8III,Xi,,52.77156817648117
Hya,52943.0,52789,93813.0,4232.0,,Nu  Hya,,10.827079,-16.193648,44.0723,3.11,K0/K1III,Nu,,96.47171518961676
Hya,51069.0,50924,90432.0,4094.0,,42Mu  Hya,,10.434842,-16.83629,71.7875,3.83,K4III,Mu,42.0,131.82567385564073
Hya,49841.0,49700,88284.0,3994.0,,41Lam Hya,,10.176467,-12.354083,34.5066,3.61,K0III,Lam,41.0,37.32501577957206
Hya,48356.0,48219,85444.0,3903.0,,39Ups1Hya,Zhang,9.85797,-14.846603,80.9061,4.11,G6/G8III,Ups-1,39.0,129.4195841449985
Hya,46390.0,46259,81797.0,3748.0,,30Alp Hya,Alphard,9.45979,-8.658603,55.2792,1.99,K3III,Alp,30.0,425.7944535825967
Hya,46509.0,46376,81997.0,3759.0,Gl 348A,31Tau1Hya,,9.485805,-2.768964,17.334,4.59,F6V,Tau-1,31.0,3.815926491189337
Hya,46776.0,46643,82446.0,3787.0,,32Tau2Hya,,9.533036,-1.184664,158.7302,4.54,A3V,Tau-2,32.0,335.11973196770776
Hya,45336.0,45204,79469.0,3665.0,,22The Hya,,9.239405,2.31428,34.7947,3.89,B9.5V,The,22.0,29.32243282303116
Hya,43813.0,43689,76294.0,3547.0,,16Zet Hya,,8.92323,5.945563,51.2558,3.11,G8III-IV,Zet,16.0,130.49684141302234
Hya,43234.0,43113,75137.0,3492.0,,13Rho Hya,,8.807214,5.837812,108.5776,4.35,A0Vn,Rho,13.0,186.89599716514903
Hya,43109.0,42990,74874.0,3482.0,,11Eps Hya,Ashlesha,8.779587,6.418809,39.6354,3.38,G0III-IV,Eps,11.0,60.81350012787179
Hya,42313.0,42195,73262.0,3410.0,,4Del Hya,,8.627602,5.703782,49.1642,4.14,A1Vnn,Del,4.0,46.47292416762036
Hya,42402.0,42283,73471.0,3418.0,,5Sig Hya,Minchir,8.645955,3.341435,114.2857,4.45,K2III,Sig,5.0,188.7991349096293
Hya,42799.0,42680,74280.0,3454.0,,7Eta Hya,,8.72041,3.398662,179.8561,4.3,B3V...,Eta,7.0,537.0317963702527
Pyx,42515.0,42396,74006.0,3438.0,,Bet Pyx,,8.668373,-35.308352,127.551,3.97,G5II/III,Bet,,365.76319300945227
Pyx,42828.0,42709,74575.0,3468.0,,Alp Pyx,,8.726539,-33.186385,269.5418,3.68,B1.5III,Alp,,2134.027442848977
Pyx,43409.0,43286,75691.0,3518.0,,Gam Pyx,,8.842204,-27.709844,63.5728,4.02,K3III,Gam,,86.77607449911467
Leo,47908.0,47772,84441.0,3873.0,,17Eps Leo,Ras Elased Australis,9.764188,23.774255,75.643,2.97,G0II,Eps,17.0,323.2957533680941
Leo,48455.0,48318,85503.0,3905.0,,24Mu  Leo,Rasalas,9.879398,26.006951,38.0518,3.88,K0III,Mu,24.0,35.383435681472214
Leo,50335.0,50193,89025.0,4031.0,,36Zet Leo,Adhafera,10.278171,23.417311,84.0336,3.43,F0III,Zet,36.0,261.09586865859336
Leo,50583.0,50440,89484.0,4057.0,,41Gam1Leo,Algieba,10.332873,19.841489,39.8883,2.01,K0III,Gam-1,41.0,217.5704950925793
Leo,49583.0,49441,87737.0,3975.0,,30Eta Leo,,10.122209,16.762664,389.1051,3.48,A0Ib,Eta,30.0,5345.643593969719
Leo,49669.0,49528,87901.0,3982.0,,32Alp Leo,Regulus,10.139532,11.967207,24.3132,1.36,B7V,Alp,32.0,147.09570767969765
Leo,54879.0,54718,97633.0,4359.0,,70The Leo,Chertan,11.237335,15.42957,50.6073,3.33,A2V,The,70.0,103.8484455008274
Leo,57632.0,57459,102647.0,4534.0,Gl 448,94Bet Leo,Denebola,11.817663,14.57206,10.9999,2.14,A3Vvar,Bet,94.0,14.682499678319866
Leo,54872.0,54712,97603.0,4357.0,Gl 419,68Del Leo,Zosma,11.235138,20.523717,17.9147,2.56,A4V,Del,68.0,26.448436268543603
LMi,46952.0,46819,82635.0,3800.0,,10    LMi,,9.570384,36.397558,56.7215,4.54,G8III,,10.0,42.81539943374175
LMi,49593.0,49451,87696.0,3974.0,Gl 378.3,21    LMi,,10.123821,35.244693,28.2406,4.49,A7V,,21.0,11.107082559188644
LMi,51233.0,51089,90537.0,4100.0,,31Bet LMi,,10.464727,36.707212,47.1921,4.2,G8III-IV,Bet,31.0,40.5135220229264
LMi,53229.0,53075,94264.0,4247.0,,46    LMi,Praecipua,10.888526,34.214871,29.0867,3.79,K0III-IV,,46.0,22.4491550756959
Dra,56211.0,56044,100029.0,4434.0,,1Lam Dra,Giausar,11.523407,69.331076,102.145,3.82,M0IIIvar,Lam,1.0,269.4014941063669
Dra,61281.0,61088,109387.0,4787.0,,5Kap Dra,,12.558058,69.788238,150.3759,3.85,B6IIIp,Kap,5.0,568.0675741067723
Dra,68756.0,68537,123299.0,5291.0,,11Alp Dra,Thuban,14.073165,64.37585,92.9368,3.67,A0III SB,Alp,11.0,256.09435171567696
Dra,75458.0,75229,137759.0,5744.0,,12Iot Dra,Edasich,15.415494,58.966065,31.027,3.29,K2III,Iot,12.0,40.5135220229264
Dra,78527.0,78290,144284.0,5986.0,Gl 609.1,13The Dra,,16.031532,58.565251,21.0349,4.01,F8IV-V,The,13.0,9.594006315159328
Dra,80331.0,80089,148387.0,6132.0,Gl 624.1A,14Eta Dra,Athebyne,16.39986,61.514213,28.2326,2.73,G8III,Eta,14.0,56.18236281342279
Dra,83895.0,83638,155763.0,6396.0,,22Zet Dra,Aldhibah,17.146448,65.714683,100.7049,3.17,B6III,Zet,22.0,476.4309868054156
Dra,89937.0,89660,170153.0,6927.0,Gl 713A,44Chi Dra,,18.350736,72.732843,8.0574,3.55,F7Vvar,Chi,44.0,2.1498096103893576
Dra,94648.0,94352,181984.0,7352.0,,60Tau Dra,,19.259229,73.355468,44.8833,4.45,K3III,Tau,60.0,29.10717118066605
Dra,97433.0,97124,188119.0,7582.0,,63Eps Dra,,19.80285,70.26793,45.3721,3.84,G8III,Eps,63.0,52.19152658354482
Dra,94376.0,94081,180711.0,7310.0,,57Del Dra,Altais,19.209225,67.661541,29.8686,3.07,G9III,Del,57.0,45.96211446660011
Dra,87585.0,87314,163588.0,6688.0,,32Xi  Dra,Grumium,17.892134,56.872643,34.5066,3.73,K2III,Xi,32.0,33.419504002611426
Dra,85819.0,85557,159541.0,6554.0,,24Nu 1Dra,,17.536251,55.184243,30.248,4.89,Am...,Nu-1,24.0,8.814547044472212
Dra,85670.0,85410,159181.0,6536.0,,23Bet Dra,Rastaban,17.507213,52.301387,116.5501,2.79,G2II,Bet,23.0,906.149802231998
Dra,87833.0,87561,164058.0,6705.0,,33Gam Dra,Eltanin,17.943437,51.488895,47.3037,2.24,K5III,Gam,33.0,247.5141318074314
Ant,51172.0,51027,90610.0,4104.0,,Alp Ant,,10.45253,-31.067779,112.2334,4.28,K4III,Alp,,213.01000374112505
Ant,48926.0,48786,86629.0,3947.0,,Eta Ant,,9.981191,-35.890973,33.3111,5.23,A8IV,Eta,,7.819878403894963
Sex,51437.0,51290,90994.0,4119.0,,30Bet Sex,,10.504855,-0.637026,124.0695,5.08,B6V,Bet,30.0,124.50878639160533
Sex,49641.0,49500,87887.0,3981.0,,15Alp Sex,,10.1323,-0.371637,86.881,4.48,A0III,Alp,15.0,106.16955571987242
Crt,53740.0,53584,95272.0,4287.0,,7Alp Crt,Alkes,10.996244,-18.298783,48.8043,4.08,K1III,Alp,7.0,48.39494493016627
Crt,54682.0,54522,97277.0,4343.0,Gl 416.1,11Bet Crt,,11.194302,-22.825847,104.2753,4.46,A1V,Bet,11.0,155.73993890808558
Crt,55705.0,55539,99211.0,4405.0,,15Gam Crt,,11.414702,-17.68401,25.2398,4.06,A9V,Gam,15.0,13.182567385564068
Crt,57283.0,57111,102070.0,4514.0,,27Zet Crt,,11.746049,-18.350674,108.2251,4.71,G8III,Zet,27.0,133.2907464231338
Crt,58188.0,58014,103632.0,4567.0,,30Eta Crt,,11.933599,-17.150829,77.101,5.17,A0V,Eta,30.0,44.25883723626264
Crt,56633.0,56464,100889.0,4468.0,,21The Crt,,11.611365,-9.802247,85.9845,4.7,B9.5Vn,The,21.0,84.87895030072441
Crt,55687.0,55521,99167.0,4402.0,,14Eps Crt,,11.410164,-10.859323,115.3403,4.81,K5III,Eps,14.0,138.03842646028852
Crt,55282.0,55118,98430.0,4382.0,,12Del Crt,,11.322347,-14.778541,56.9476,3.56,K0III,Del,12.0,106.36530750764376
Cen,56561.0,56392,100841.0,4467.0,,Lam Cen,,11.596363,-63.019841,128.7001,3.11,B9II:,Lam,,822.6213938831102
Cen,56480.0,56311,100673.0,4460.0,,,,11.579355,-54.264091,130.719,4.62,B9V,,,211.25159662408515
Cen,59196.0,59016,105435.0,4621.0,,Del Cen,,12.13931,-50.722425,127.2265,2.58,B2IVne,Del,,1309.784962399686
Cen,60823.0,60635,108483.0,4743.0,,Sig Cen,,12.467331,-50.230635,126.2626,3.91,B3V,Sig,,378.7913037851569
Cen,61932.0,61739,110304.0,4819.0,,Gam Cen,,12.691971,-48.959888,39.9042,2.2,A1IV,Gam,,182.81002161427423
Cen,68002.0,67786,121263.0,5231.0,,Zet Cen,,13.925667,-47.288375,117.096,2.55,B2.5IV,Zet,,1140.7750129221204
Cen,68282.0,68064,121790.0,5249.0,,Ups1Cen,,13.977987,-44.803584,131.0616,3.87,B2IV-V,Ups-1,,423.4479161692077
Cen,67472.0,67259,120324.0,5193.0,,Mu  Cen,,13.826943,-42.473732,155.0388,3.47,B2IV-Ve,Mu,,856.6432555816563
Cen,67464.0,67251,120307.0,5190.0,,Nu  Cen,,13.825078,-41.687709,133.8688,3.41,B2IV,Nu,,674.8387308707573
Cen,68933.0,68714,123139.0,5288.0,Gl 539,5The Cen,Menkent,14.111395,-36.369954,18.0343,2.06,K0IIIb,The,5.0,42.46195639463128
Cen,71683.0,71456,128620.0,5459.0,Gl 559A,Alp1Cen,Rigil Kentaurus,14.660765,-60.833976,1.3248,-0.01,G2V,Alp-1,,1.543121065657792
Cen,68702.0,68483,122451.0,5267.0,,Bet Cen,Hadar,14.063729,-60.373039,120.1923,0.61,B1III,Bet,,7171.33482657721
Cen,66657.0,66447,118716.0,5132.0,,Eps Cen,,13.664796,-53.466394,131.0616,2.29,B1III,Eps,,1814.67977939693
Cen,73334.0,73107,132200.0,5576.0,,Kap Cen,,14.986025,-42.104194,117.5088,3.13,B2IV,Kap,,672.9766562843175
Cen,71352.0,71125,127972.0,5440.0,,Eta Cen,,14.591786,-42.157824,93.7207,2.33,B1Vn + A,Eta,,894.5404837788689
Cen,65109.0,64904,115892.0,5028.0,Gl 508.1,Iot Cen,,13.343296,-36.712295,18.0213,2.75,A2V,Iot,,22.46984103640156
Cen,65936.0,65729,117440.0,5089.0,,,,13.517405,-39.407307,277.7778,3.9,G8II/III,,,1850.1204347718583
Mus,57363.0,57190,102249.0,4520.0,,Lam Mus,,11.760141,-66.728763,38.9864,3.63,A7III,Lam,,46.77351412871981
Mus,62322.0,62127,110879.0,4844.0,,Bet Mus,,12.771346,-68.108119,104.712,3.04,B2V,Bet,,580.7644175213123
Mus,61585.0,61392,109668.0,4798.0,,Alp Mus,,12.619739,-69.135564,96.7118,2.69,B2IV-V,Alp,,683.5967668381046
Mus,61199.0,61008,109026.0,4773.0,,Gam Mus,,12.541134,-72.132988,99.6016,3.84,B5V,Gam,,251.420103015902
Vir,57380.0,57208,102212.0,4517.0,,3Nu  Vir,,11.764322,6.529376,90.0901,4.04,M0III,Nu,3.0,171.0802987599327
Vir,60129.0,59945,107259.0,4689.0,,15Eta Vir,Zaniah,12.331766,-0.666803,81.367,3.89,A2IV,Eta,15.0,160.25072388814195
Vir,61941.0,61748,110379.0,4825.0,Gl 482A,29Gam Vir,Porrima,12.694345,-1.449375,11.685,2.74,F0V+...,Gam,29.0,9.532350439205146
Vir,63090.0,62890,112300.0,4910.0,,43Del Vir,Minelauva,12.926725,3.39747,60.8273,3.39,M3III,Del,43.0,141.90575216890926
Vir,63608.0,63405,113226.0,4932.0,,47Eps Vir,Vindemiatrix,13.036278,10.95915,33.6022,2.85,G8IIIvar,Eps,47.0,71.25248247522671
Vir,65474.0,65269,116658.0,5056.0,,67Alp Vir,Spica,13.419883,-11.161322,76.5697,0.98,B1V,Alp,67.0,2070.1413487910413
Vir,66249.0,66040,118098.0,5107.0,GJ 3792,79Zet Vir,Heze,13.57822,-0.59582,22.7118,3.38,A3V,Zet,79.0,19.971008660281843
Vir,72220.0,71994,130109.0,5511.0,,109    Vir,,14.770812,1.892885,41.2371,3.73,A0V,,109.0,47.68699981017778
Vir,68520.0,68302,122408.0,5264.0,,93Tau Vir,,14.027443,1.544532,68.9655,4.23,A3V,Tau,93.0,84.17827076608127
Vir,71957.0,71731,129502.0,5487.0,GJ 9491,107Mu  Vir,,14.717673,-5.658207,18.2715,3.87,F2III,Mu,107.0,8.233794052101345
Vir,69701.0,69479,124850.0,5338.0,GJ 9473,99Iot Vir,Syrma,14.266908,-6.000547,22.237,4.07,F7V,Iot,99.0,10.139113857366794
Vir,69427.0,69205,124294.0,5315.0,,98Kap Vir,Kang,14.214929,-10.273702,78.125,4.18,K3III,Kap,98.0,113.13578641195627
Cru,61084.0,60893,108903.0,4763.0,,Gam Cru,Gacrux,12.519429,-57.113212,27.1518,1.59,M4III,Gam,,148.45676750522713
Cru,60718.0,60530,108248.0,4730.0,,Alp1Cru,Acrux,12.443311,-63.099092,98.7167,0.77,B0.5IV,Alp-1,,4176.379929509739
Cru,62434.0,62239,111123.0,4853.0,,Bet Cru,Mimosa,12.795359,-59.688764,85.3971,1.25,B0.5III,Bet,,2008.1678041839857
Cru,59747.0,59565,106490.0,4656.0,,Del Cru,Imai,12.252427,-58.748928,105.8201,2.79,B2IV,Del,,746.7925899308835
Crv,61174.0,60983,109085.0,4775.0,Gl 471.2,8Eta Crv,,12.53451,-16.196007,18.2815,4.3,F2V,Eta,8.0,5.5462571295791046
Crv,60965.0,60776,108767.0,4757.0,,7Del Crv,Algorab,12.497739,-16.515432,26.6312,2.94,B9.5V,Del,7.0,41.19077848677376
Crv,59803.0,59621,106625.0,4662.0,,4Gam Crv,Gienah,12.263437,-17.541929,47.1032,2.58,B8III,Gam,4.0,179.47336268325265
Crv,59316.0,59134,105707.0,4630.0,,2Eps Crv,,12.168746,-22.619766,97.4659,3.02,K2III,Eps,2.0,512.3892386646796
Crv,59199.0,59020,105452.0,4623.0,Gl 455.3,1Alp Crv,Alchiba,12.140225,-24.728875,14.9365,4.02,F0IV/V,Alp,1.0,4.790711300030742
Crv,61359.0,61166,109379.0,4786.0,,9Bet Crv,Kraz,12.573121,-23.396759,44.6628,2.65,G5II,Bet,9.0,151.3561248436207
Com,60742.0,60554,108381.0,4737.0,,15Gam Com,,12.448966,28.268423,51.2821,4.35,K2IIICN+...,Gam,15.0,41.68693834703355
Com,64394.0,64189,114710.0,4983.0,Gl 502,43Bet Com,,13.197904,27.878183,9.1291,4.23,G0V,Bet,43.0,1.4750271017597587
Com,64241.0,64037,114378.0,4968.0,Gl 501A,42Alp Com,Diadem,13.166469,17.529431,17.8253,4.32,F5V,Alp,42.0,5.176068319505676
CVn,61317.0,61124,109358.0,4785.0,Gl 475,8Bet CVn,Chara,12.562411,41.35748,8.4395,4.24,G0V,Bet,8.0,1.2496833972112191
CVn,63125.0,62925,112413.0,4915.0,,12Alp2CVn,Cor Caroli,12.933807,38.31838,35.1989,2.89,A0spe...,Alp-2,12.0,75.37025766884257
Boo,67459.0,67246,120477.0,5200.0,,5Ups Boo,,13.824623,15.797905,80.7754,4.05,K5IIIvar,Ups,5.0,136.26991969948688
Boo,67927.0,67711,121370.0,5235.0,Gl 534,8Eta Boo,Muphrid,13.911411,18.397717,11.396,2.68,G0IV,Eta,8.0,9.585173976856456
Boo,69673.0,69451,124897.0,5340.0,Gl 541,16Alp Boo,Arcturus,14.26103,19.18241,11.2575,-0.05,K2IIIp,Alp,16.0,115.55799554021291
Boo,71053.0,70828,127665.0,5429.0,,25Rho Boo,,14.5305,30.371437,49.0918,3.57,K3III,Rho,25.0,78.34296427662116
Boo,71075.0,70851,127762.0,5435.0,,27Gam Boo,Seginus,14.534636,38.308253,26.6099,3.04,A7IIIvar,Gam,27.0,37.49730022454834
Boo,73555.0,73327,133208.0,5602.0,,42Bet Boo,Nekkar,15.032436,40.390566,69.0608,3.49,G8III,Bet,42.0,166.87835113653907
Boo,74666.0,74438,135722.0,5681.0,,49Del Boo,,15.258376,33.314833,37.3413,3.46,G8III,Del,49.0,50.164905677322295
Boo,72105.0,71879,129988.0,5505.0,,36Eps Boo,Izar,14.749784,27.074222,62.1118,2.35,A0,Eps,36.0,385.8335599053513
Boo,71795.0,71569,129246.0,5477.0,,30Zet Boo,,14.68582,13.7283,53.8793,3.78,A3IVn,Zet,30.0,77.76783344557053
Cir,74824.0,74595,135379.0,5670.0,Gl 580.1,Bet Cir,,15.291917,-58.801208,30.553,4.07,A3V,Bet,,19.14255925021086
Cir,71908.0,71682,128898.0,5463.0,Gl 560A,Alp Cir,,14.708492,-64.975138,16.57,3.18,F1Vp,Alp,,12.78792262935846
Cir,75323.0,75094,136415.0,5704.0,,Gam Cir,,15.389625,-59.320787,137.5516,4.48,B5III + F8,Gam,,265.9500032721518
Aps,72370.0,72144,129078.0,5470.0,,Alp Aps,,14.797701,-79.044751,136.9863,3.83,K5III,Alp,,479.95442493194446
Aps,81065.0,80819,147675.0,6102.0,Gl 626.1,Gam Aps,,16.557609,-78.897148,47.9157,3.86,K0IV SB,Gam,,57.12155216230428
Aps,81852.0,81602,149324.0,6163.0,,Bet Aps,,16.718126,-77.517435,48.1232,4.23,K0III,Bet,,41.00152405066133
Lup,71860.0,71634,129056.0,5469.0,,Alp Lup,,14.698823,-47.3882,142.4501,2.3,B1.5III,Alp,,2124.222477388697
Lup,73273.0,73046,132058.0,5571.0,,Bet Lup,,14.975537,-43.13396,117.3709,2.68,B2III,Bet,,1016.716800466376
Lup,75141.0,74912,136298.0,5695.0,,Del Lup,,15.356201,-40.647518,271.0027,3.22,B1.5IV,Del,,3296.09712177458
Lup,76297.0,76065,138690.0,5776.0,,Gam Lup,,15.585681,-41.166757,129.0323,2.8,B2IV,Gam,,1099.5120668793495
Lup,76552.0,76317,139127.0,5797.0,,Ome Lup,,15.634232,-42.567348,67.0241,4.34,K4.5III,Ome,,71.84557087925968
Lup,74395.0,74167,134505.0,5649.0,GJ 9512A,Zet Lup,,15.20476,-52.099247,35.9712,3.41,G8III,Zet,,48.75284901033863
Lup,77634.0,77398,141556.0,5883.0,,5Chi Lup,,15.849316,-33.627165,59.8444,3.97,B9.5III-IV,Chi,5.0,80.53784411990665
Lup,78384.0,78148,143118.0,5948.0,,Eta Lup,,16.002036,-38.396706,135.5014,3.42,B2.5IV,Eta,,685.488226452662
Lup,78970.0,78730,144415.0,5991.0,,,,16.121168,-36.755676,54.7945,5.72,F0/F2V,,,13.477210138513502
Lup,75177.0,74948,136422.0,5705.0,,Phi1Lup,,15.36344,-36.261376,84.317,3.57,K5III,Phi-1,,231.20647901755964
Lup,70576.0,70353,126354.0,5396.0,,Tau2Lup,,14.436336,-45.379276,97.8474,4.33,A7:+...,Tau-2,,154.59662193866745
Lup,71536.0,71310,128345.0,5453.0,,Rho Lup,,14.631454,-49.425828,96.8992,4.05,B5V,Rho,,196.24563241736897
Lib,73714.0,73486,133216.0,5603.0,,20Sig Lib,Brachium,15.067839,-25.281965,88.4173,3.25,M3/M4III,Sig,20.0,341.3500729493114
Lib,72622.0,72396,130841.0,5531.0,Gl 564.1,9Alp2Lib,Zubenelgenubi,14.847977,-16.041778,23.2396,2.75,A3IV,Alp-2,9.0,37.35940922587999
Lib,74785.0,74556,135742.0,5685.0,,27Bet Lib,Zubeneschamali,15.283449,-9.382917,56.7537,2.61,B8V,Bet,27.0,253.51286304979072
Lib,76333.0,76100,138905.0,5787.0,GJ 3912,38Gam Lib,Zubenelhakrabi,15.592105,-14.789537,50.025,3.91,K0III,Gam,38.0,59.48397740692212
Lib,77853.0,77617,142198.0,5908.0,,46The Lib,,15.897093,-16.729293,51.6529,4.13,K0III,The,46.0,51.76068319505679
TrA,82273.0,82022,150798.0,6217.0,,Alp TrA,Atria,16.811077,-69.027715,119.7605,1.91,K2IIb-IIIa,Alp,,2151.7905703397573
TrA,74946.0,74717,135382.0,5671.0,,Gam TrA,,15.315181,-68.679545,56.3698,2.87,A1V,Gam,,196.7886289706845
TrA,77952.0,77716,141891.0,5897.0,Gl 601A,Bet TrA,,15.919083,-63.430727,12.3778,2.83,F2III,Bet,,9.84464363980378
Ser,77516.0,77280,141513.0,5881.0,,32Mu  Ser,,15.827002,-3.430208,52.0021,3.54,A0V,Mu,32.0,90.36494737223012
Ser,77622.0,77386,141795.0,5892.0,GJ 3921,37Eps Ser,,15.846935,4.47773,21.5983,3.71,A2m,Eps,37.0,13.32907464231338
Ser,77070.0,76835,140573.0,5854.0,Gl 596.2,24Alp Ser,Unukalhai,15.737798,6.425627,22.6757,2.63,K2III,Alp,24.0,39.73745050614631
Ser,76276.0,76044,138917.0,5788.0,,13Del Ser,,15.580041,10.538867,69.9301,3.8,F0IV,Del,13.0,128.58786926343993
Ser,77233.0,76997,141003.0,5867.0,,28Bet Ser,,15.769793,15.421826,47.5511,3.65,A3V,Bet,28.0,68.29674408079636
Ser,77450.0,77214,141477.0,5879.0,,35Kap Ser,Gudja,15.812327,18.141564,117.096,4.09,M1III,Kap,35.0,276.18494420752944
Ser,78072.0,77836,142860.0,5933.0,Gl 603,41Gam Ser,,15.940882,15.661617,11.2537,3.85,F6V,Gam,41.0,3.179801427691526
Nor,80582.0,80339,147971.0,6115.0,,Eps Nor,,16.453067,-47.554786,162.6016,4.46,B4V,Eps,,378.7913037851569
Nor,78639.0,78400,143546.0,5962.0,,Eta Nor,,16.053579,-49.229695,67.2948,4.65,G8III,Eta,,54.450265284242114
Nor,79509.0,79270,145397.0,6024.0,,Kap Nor,,16.224648,-54.630467,131.2336,4.95,G4III,Kap,,157.03628043335516
Nor,80000.0,79759,146686.0,6072.0,GJ 9554,Gam2Nor,,16.330687,-50.155508,39.4789,4.01,G8III,Gam-2,,33.7909187437723
CrB,76127.0,75895,138749.0,5778.0,,4The CrB,,15.548829,31.359133,115.0748,4.14,B6Vnn,The,4.0,254.6830252585042
CrB,75695.0,75466,137909.0,5747.0,,3Bet CrB,Nusakan,15.463818,29.105703,34.2818,3.66,F0p,Bet,3.0,35.15604405282981
CrB,76267.0,76035,139006.0,5793.0,,5Alp CrB,Alphecca,15.578128,26.714693,23.0097,2.22,A0V,Alp,5.0,59.70352865838366
CrB,76952.0,76716,140436.0,5849.0,,8Gam CrB,,15.712381,26.295637,44.7828,3.81,A1Vs,Gam,8.0,52.28775553134414
CrB,77512.0,77276,141714.0,5889.0,,10Del CrB,,15.82657,26.068394,52.1376,4.59,G5III-IV,Del,10.0,34.54617749058202
CrB,78159.0,77923,143107.0,5947.0,,13Eps CrB,,15.959794,26.87788,67.8887,4.14,K3III,Eps,13.0,88.63392873279338
CrB,78493.0,78256,143807.0,5971.0,,14Iot CrB,,16.024047,29.851061,95.6023,4.98,A0p...,Iot,14.0,81.0587682464737
Sco,85927.0,85665,158926.0,6527.0,,35Lam Sco,Shaula,17.560145,-37.103821,175.1313,1.62,B1.5IV+...,Lam,35.0,6008.9695048348585
Sco,86670.0,86403,160578.0,6580.0,,Kap Sco,,17.708132,-39.029983,148.1481,2.39,B1.5III,Kap,,2114.462561652589
Sco,87073.0,86804,161471.0,6615.0,,Iot1Sco,,17.793078,-40.126997,591.716,2.99,F3Ia,Iot-1,,19426.743230314907
Sco,86228.0,85965,159532.0,6553.0,,The Sco,Sargas,17.62198,-42.997824,92.081,1.86,F1II,The,,1331.6803762699813
Sco,84143.0,83885,155203.0,6380.0,Gl 657,Eta Sco,,17.202552,-43.239189,22.5276,3.32,F3p,Eta,,20.77782097504266
Sco,82671.0,82419,152236.0,6262.0,,Zet1Sco,,16.899924,-42.362025,787.4016,4.7,B1Iae,Zet-1,,7118.6886726228095
Sco,82514.0,82263,151890.0,6247.0,,Mu 1Sco,Xamidimura,16.864509,-38.04738,153.6098,3.0,B1.5IV + B,Mu-1,,1296.5820353826284
Sco,82396.0,82144,151680.0,6241.0,,26Eps Sco,Larawag,16.83608,-34.293232,19.5351,2.29,K2IIIb,Eps,26.0,40.3273792976113
Sco,81266.0,81020,149438.0,6165.0,,23Tau Sco,Paikauhale,16.598043,-28.216016,145.3488,2.82,B0V,Tau,23.0,1370.2505971242451
Sco,80763.0,80519,148478.0,6134.0,,21Alp Sco,Antares,16.490128,-26.432002,169.7793,1.06,M1Ib + B2.5V,Alp,21.0,9453.660459579653
Sco,78820.0,78580,144217.0,5984.0,,8Bet1Sco,Acrab,16.09062,-19.805453,123.9157,2.56,B0.5V,Bet-1,8.0,1265.9017493002452
Sco,78401.0,78165,143275.0,5953.0,,7Del Sco,Dschubba,16.005557,-22.62171,150.6024,2.29,B0.2IV,Del,7.0,2396.624529408638
Sco,78265.0,78029,143018.0,5944.0,,6Pi  Sco,Fang,15.980865,-26.114105,179.5332,2.89,B1V + B2V,Pi,6.0,1960.6496672266007
Her,84380.0,84122,156283.0,6418.0,,67Pi  Her,,17.250788,36.809162,115.4734,3.16,K3IIvar,Pi,67.0,632.1206820052686
Her,83207.0,82952,153808.0,6324.0,,58Eps Her,,17.004827,30.926405,47.5285,3.92,A0V,Eps,58.0,53.21082592667942
Her,81693.0,81444,150680.0,6212.0,Gl 635A,40Zet Her,,16.688113,31.602726,10.7158,2.81,F9IV,Zet,40.0,7.516228940182053
Her,81833.0,81583,150997.0,6220.0,,44Eta Her,,16.714933,38.922254,33.3111,3.48,G8III-IV,Eta,44.0,39.192232245497664
Her,86414.0,86148,160762.0,6588.0,,85Iot Her,,17.657747,46.006332,139.47,3.82,B3V SB,Iot,85.0,502.1113054699537
Her,87808.0,87537,163770.0,6695.0,,91The Her,,17.93755,37.250539,230.9469,3.86,K1IIvar,The,91.0,1328.0058862437309
Her,85112.0,84853,157778.0,6484.0,,75Rho Her,,17.394708,37.145946,120.6273,4.15,B9.5III,Rho,75.0,277.20432375777017
Her,84606.0,84348,156729.0,6436.0,,69    Her,,17.294517,37.291498,53.7924,4.64,A2V,,69.0,35.12367904656808
Her,77760.0,77524,142373.0,5914.0,Gl 602,1Chi Her,,15.877903,42.451518,15.8932,4.6,F9V,Chi,1.0,3.179801427691526
Her,79992.0,79750,147394.0,6092.0,,22Tau Her,,16.329011,46.313366,94.2507,3.91,B5IV,Tau,22.0,211.0571162884348
Her,81126.0,80880,149630.0,6168.0,,35Sig Her,,16.568384,42.437041,96.5251,4.2,B9Vvar,Sig,35.0,169.51182515314002
Her,80170.0,79928,147547.0,6095.0,,20Gam Her,,16.365338,19.15313,59.0667,3.74,A9III,Gam,20.0,97.00631337839567
Her,80816.0,80571,148856.0,6148.0,,27Bet Her,Kornephoros,16.503668,21.489613,42.6621,2.78,G8III,Bet,27.0,122.4616199265049
Her,88794.0,88517,166014.0,6779.0,,103Omi Her,,18.125708,28.762488,103.6269,3.84,B9.5V,Omi,103.0,272.14477464543666
Her,87933.0,87661,163993.0,6703.0,,92Xi  Her,,17.962744,29.24788,41.9463,3.7,K0III,Xi,92.0,50.72242398926514
Her,86974.0,86705,161797.0,6623.0,Gl 695A,86Mu  Her,,17.774319,27.720676,8.3105,3.42,G5IV,Mu,86.0,2.5775078699705363
Her,85693.0,85433,158899.0,6526.0,,76Lam Her,Maasym,17.512308,26.110645,113.2503,4.41,K3IIIvar,Lam,76.0,192.30917289101595
Her,84379.0,84121,156164.0,6410.0,GJ 3995A,65Del Her,Sarin,17.250531,24.839204,23.0362,3.12,A3IVv SB,Del,65.0,26.109586865859324
Oph,85755.0,85494,158643.0,6519.0,,51   Oph,,17.523598,-23.962643,124.3781,4.78,A0V,,51.0,165.0440985652279
Oph,84012.0,83755,155125.0,6378.0,Gl 656.1A,35Eta Oph,Sabik,17.172968,-15.72491,27.0929,2.43,A2.5Va,Eta,35.0,68.17105263058534
Oph,81377.0,81130,149757.0,6175.0,,13Zet Oph,,16.619316,-10.56709,112.2334,2.54,O9.5V,Zet,13.0,1057.791322499501
Oph,79882.0,79640,146791.0,6075.0,GJ 3949,2Eps Oph,Yed Posterior,16.305358,-4.692511,32.6371,3.23,G8III,Eps,2.0,47.38053933388255
Oph,83000.0,82745,153210.0,6299.0,,27Kap Oph,,16.961139,9.375033,28.0426,3.19,K2IIIvar,Kap,27.0,36.27438014764577
Oph,86032.0,85769,159561.0,6556.0,Gl 681,55Alp Oph,Rasalhague,17.582241,12.560035,14.8965,2.08,A5III,Alp,55.0,28.444611074479155
Oph,86742.0,86475,161096.0,6603.0,,60Bet Oph,Cebalrai,17.724543,4.567303,25.0941,2.76,K2III,Bet,60.0,43.17178444709226
Ara,85727.0,85467,158094.0,6500.0,,Del Ara,,17.518318,-60.683848,60.6796,3.6,B8V,Del,,116.41260294104907
Ara,82363.0,82112,151249.0,6229.0,,Eta Ara,,16.82976,-59.041378,91.7431,3.77,K5III,Eta,,227.6145393141645
Ara,83081.0,82826,152786.0,6285.0,GJ 9581,Zet Ara,,16.977006,-55.990141,149.0313,3.12,K5III,Zet,,1092.4460532267929
Ara,85792.0,85530,158427.0,6510.0,,Alp Ara,,17.530695,-49.876145,81.9672,2.84,B2Vne,Alp,,427.7598314820376
Ara,88714.0,88439,165024.0,6743.0,,The Ara,,18.11052,-50.091477,249.3766,3.65,B2Ib,The,,1877.5866989193505
Ara,85258.0,84999,157244.0,6461.0,,Bet Ara,,17.421665,-55.529884,198.0198,2.84,K3Ib-II,Bet,,2498.04351871415
Ara,85267.0,85008,157246.0,6462.0,,Gam Ara,,17.423239,-56.377727,341.2969,3.31,B1Ib,Gam,,4812.824218676023
Pav,100751.0,100425,193924.0,7790.0,,Alp Pav,Peacock,20.427459,-56.73509,54.8246,1.94,B2IV,Alp,,438.5306977749856
Pav,105858.0,105519,203608.0,8181.0,Gl 827,Gam Pav,,21.440705,-65.366198,9.2618,4.21,F6V,Gam,,1.545966219386674
Pav,102395.0,102064,197051.0,7913.0,,Bet Pav,,20.749314,-66.203212,41.425,3.42,A5IV,Bet,,64.0324324468947
Pav,99240.0,98924,190248.0,7665.0,Gl 780,Del Pav,,20.145157,-66.182068,6.1084,3.55,G5IV-Vvar,Del,,1.23594743344451
Pav,93015.0,92723,174694.0,7107.0,,Kap Pav,,18.949177,-67.233495,153.3742,4.4,F5Ib-II:,Kap,,356.1229809427621
Pav,92609.0,92319,173948.0,7074.0,,Lam Pav,,18.870288,-62.187593,438.5965,4.22,B2II-III,Lam,,3435.5794789987463
Pav,88866.0,88589,165040.0,6745.0,,Pi  Pav,,18.143,-63.668553,39.8565,4.33,Am,Pi,,25.63303319865898
Pav,86929.0,86661,160635.0,6582.0,,Eta Pav,,17.762221,-64.723871,107.9914,3.61,K1III,Eta,,365.4264677506526
Pav,90098.0,89819,168339.0,6855.0,,Xi  Pav,,18.387117,-61.493901,143.6782,4.35,M1III SB,Xi,,327.1899836231792
Pav,98495.0,98184,188228.0,7590.0,,Eps Pav,,20.009845,-72.910504,32.2165,3.97,A0V,Eps,,23.33458062281004
Pav,91792.0,91507,171759.0,6982.0,,Zet Pav,,18.71726,-71.428113,66.9792,4.01,K2III,Zet,,97.2747223776965
Sgr,95294.0,94999,181623.0,7343.0,,Bet2Sgr,Arkab Posterior,19.386976,-44.799778,41.1353,4.27,F2III,Bet-2,,28.866890179482727
Sgr,98032.0,97721,188114.0,7581.0,,Iot Sgr,,19.921026,-41.868288,55.7414,4.12,K0III,Iot,,60.869537233490085
Sgr,98412.0,98101,189103.0,7623.0,,The1Sgr,,19.995605,-35.276305,158.9825,4.37,B2.5IV,The-1,,393.3688806732022
Sgr,98688.0,98375,189763.0,7650.0,,62    Sgr,,20.044299,-27.709845,137.5516,4.43,M4III,,62.0,278.48384078050054
Sgr,96406.0,96104,184552.0,7431.0,,51    Sgr,,19.600459,-24.719081,90.2527,5.64,A1m...,,51.0,39.3368880673202
Sgr,93864.0,93569,177716.0,7234.0,GJ 9643,40Tau Sgr,,19.11567,-27.670423,37.2856,3.32,K1/K2III,Tau,40.0,56.91149576288411
Sgr,95347.0,95052,181869.0,7348.0,,Alp Sgr,Rukbat,19.398103,-40.61594,55.7414,3.96,B8V,Alp,,70.53424142580965
Sgr,95168.0,94873,181577.0,7340.0,GJ 4107,44Rho1Sgr,,19.361211,-17.847197,38.9257,3.92,F0III/IV,Rho-1,44.0,35.67795882885623
Sgr,94820.0,94525,180540.0,7304.0,,43    Sgr,,19.293911,-18.952908,147.7105,4.88,K0III,,43.0,212.22668969007816
Sgr,93683.0,93388,177241.0,7217.0,GJ 9641,39Omi Sgr,,19.07805,-21.741496,43.554,3.76,K0III,Omi,39.0,51.76068319505679
Sgr,93085.0,92793,175775.0,7150.0,,37Xi 2Sgr,,18.962167,-21.106654,111.9821,3.52,G8/K0II/III,Xi-2,37.0,426.97259404803344
Sgr,92855.0,92564,175191.0,7121.0,,34Sig Sgr,Nunki,18.92109,-26.296722,69.8324,2.05,B2.5V,Sig,34.0,642.6877173170194
Sgr,89341.0,89064,166937.0,6812.0,,13Mu  Sgr,Polis,18.229392,-21.058834,100000.0,3.84,B2III:,Mu,13.0,253512863.0497907
Sgr,90496.0,90217,169916.0,6913.0,Gl 713.1,22Lam Sgr,Kaus Borealis,18.466179,-25.4217,23.9693,2.82,K1IIIb,Lam,22.0,37.25632384666037
Sgr,92041.0,91754,173300.0,7039.0,,27Phi Sgr,,18.76094,-26.990778,73.3676,3.17,B8.5III,Phi,27.0,253.04630494613968
Sgr,93506.0,93213,176687.0,7194.0,,38Zet Sgr,Ascella,19.043532,-29.880105,27.0416,2.6,A3IV,Zet,38.0,58.07644175213118
Sgr,89931.0,89653,168454.0,6859.0,,19Del Sgr,Kaus Media,18.3499,-29.828103,106.6098,2.72,K3III,Del,19.0,808.3510373900685
Sgr,90185.0,89906,169022.0,6879.0,,20Eps Sgr,Kaus Australis,18.402868,-34.384616,43.9367,1.79,B9.5III,Eps,20.0,323.2957533680941
Sgr,89642.0,89364,167618.0,6832.0,,Eta Sgr,,18.293793,-36.761686,44.7427,3.1,M2III,Eta,,100.36909309200966
Sgr,88635.0,88361,165135.0,6746.0,,10Gam2Sgr,Alnasl,18.096803,-30.424091,29.7,2.98,K0III,Gam-2,10.0,49.38556196176077
Sgr,87072.0,86803,161592.0,6616.0,,3    Sgr,,17.792674,-27.830788,302.1148,4.53,F7II,,3.0,1225.744632049806
CrA,90887.0,90605,170642.0,6942.0,,,,18.539257,-39.704001,70.2741,5.16,A3V,,,37.11931900441403
CrA,91875.0,91589,172777.0,7021.0,,Lam CrA,,18.729706,-38.323441,62.9327,5.11,A0/A1V,Lam,,31.160183031054608
CrA,92989.0,92697,175362.0,7129.0,,,,18.944582,-37.343241,131.9261,5.36,B3V,,,108.8428737943594
CrA,93174.0,92881,175813.0,7152.0,,Eps CrA,,18.978721,-37.107357,30.1841,4.83,F3IV/V,Eps,,9.281111710201682
CrA,93825.0,93530,177474.0,7226.0,Gl 743.1A,Gam CrA,,19.106971,-37.063437,17.304,4.23,F7IV-V,Gam,,5.301515066784585
CrA,94114.0,93819,178253.0,7254.0,,Alp CrA,Meridiana,19.157869,-37.904474,38.432,4.11,A0/A1V,Alp,,29.187708481971423
CrA,94160.0,93865,178345.0,7259.0,,Bet CrA,,19.167154,-39.340796,145.3488,4.1,K0II/IIICN.,Bet,,421.5023497210444
CrA,94005.0,93710,177873.0,7242.0,,Del CrA,,19.139156,-40.496703,54.7345,4.57,K1III,Del,,38.76144867002412
CrA,93542.0,93248,176638.0,7188.0,,Zet CrA,,19.051907,-42.095105,59.2066,4.74,A0Vn,Zet,,38.79716572936907
CrA,92953.0,92661,175219.0,7122.0,,,,18.938044,-42.710676,90.5797,5.35,G6III-IV,,,51.76068319505679
